,gNB0,P0,gNB1,P1,gNB2,P2,gNB3,P3
0,-3.0,-57.9,0.0,-inf,-3.6,-60.1,0.0,-inf
1,-3.1,-58.4,-3.9,-63.9,-3.6,-60.7,0.0,-inf
2,-3.2,-58.4,-4.0,-64.0,0.0,-inf,0.0,-inf
3,-3.2,-58.4,-4.1,-64.1,0.0,-inf,0.0,-inf
4,0.0,-inf,0.0,-inf,-3.9,-60.7,0.0,-inf
5,0.0,-inf,0.0,-inf,-4.0,-60.9,0.0,-inf
6,-4.5,-58.5,0.0,-inf,-5.0,-60.8,0.0,-inf
7,-3.6,-58.4,0.0,-inf,0.0,-inf,0.0,-inf
8,0.0,-inf,0.0,-inf,-4.2,-60.8,0.0,-inf
9,0.0,-inf,0.0,-inf,-4.2,-60.7,0.0,-inf
10,0.0,-inf,0.0,-inf,-4.4,-60.8,0.0,-inf
11,-4.9,-58.4,-5.8,-64.0,0.0,-inf,0.0,-inf
12,-4.0,-58.4,-4.8,-64.1,0.0,-inf,0.0,-inf
13,0.0,-inf,0.0,-inf,0.0,-inf,0.0,-inf
14,-4.1,-58.5,-4.9,-63.8,0.0,-inf,0.0,-inf
15,-4.2,-58.4,-5.0,-64.0,0.0,-inf,0.0,-inf
16,-4.2,-58.5,0.0,-inf,0.0,-inf,0.0,-inf
17,0.0,-inf,0.0,-inf,-4.9,-60.9,0.0,-inf
18,0.0,-inf,-5.2,-63.9,-5.0,-60.7,0.0,-inf
19,0.0,-inf,-5.4,-64.2,0.0,-inf,0.0,-inf
20,-4.6,-58.4,0.0,-inf,0.0,-inf,0.0,-inf
21,0.0,-inf,0.0,-inf,-5.2,-60.8,0.0,-inf
22,0.0,-inf,0.0,-inf,0.0,-inf,0.0,-inf
23,0.0,-inf,-5.6,-64.0,0.0,-inf,0.0,-inf
24,-4.9,-58.4,-5.8,-64.0,0.0,-inf,0.0,-inf
25,-5.0,-58.4,0.0,-inf,0.0,-inf,0.0,-inf
26,0.0,-inf,0.0,-inf,-5.6,-60.8,0.0,-inf
27,0.0,-inf,0.0,-inf,0.0,-inf,0.0,-inf
28,-5.2,-58.3,-6.0,-64.0,0.0,-inf,0.0,-inf
29,-5.2,-58.4,0.0,-inf,-5.9,-60.6,0.0,-inf
30,0.0,-inf,0.0,-inf,-5.9,-60.9,0.0,-inf
31,-5.5,-58.5,0.0,-inf,-6.0,-60.9,0.0,-inf
32,-5.5,-58.4,-6.2,-64.2,0.0,-inf,0.0,-inf
33,-5.6,-58.4,-6.4,-64.0,0.0,-inf,0.0,-inf
34,0.0,-inf,0.0,-inf,-6.1,-60.8,0.0,-inf
35,-5.8,-58.4,0.0,-inf,-6.2,-60.7,0.0,-inf
36,0.0,-inf,-6.6,-64.1,0.0,-inf,0.0,-inf
37,-5.9,-58.4,-6.6,-64.1,0.0,-inf,0.0,-inf
38,0.0,-inf,0.0,-inf,-6.5,-60.8,0.0,-inf
39,0.0,-inf,0.0,-inf,0.0,-inf,0.0,-inf
40,-6.0,-58.5,-6.9,-63.9,0.0,-inf,0.0,-inf
41,-6.1,-58.5,0.0,-inf,0.0,-inf,0.0,-inf
42,-6.2,-58.4,0.0,-inf,-6.8,-60.7,0.0,-inf
43,0.0,-inf,0.0,-inf,-6.8,-60.9,0.0,-inf
44,-6.4,-58.5,0.0,-inf,-6.9,-60.9,0.0,-inf
45,-6.4,-58.4,0.0,-inf,0.0,-inf,0.0,-inf
46,-6.5,-58.4,0.0,-inf,0.0,-inf,0.0,-inf
47,0.0,-inf,0.0,-inf,-7.0,-60.9,-7.2,-64.8
48,0.0,-inf,0.0,-inf,-7.1,-60.8,0.0,-inf
49,-6.6,-58.4,-7.4,-64.1,0.0,-inf,0.0,-inf
50,-6.8,-58.4,0.0,-inf,0.0,-inf,0.0,-inf
51,0.0,-inf,0.0,-inf,-7.2,-60.6,0.0,-inf
52,0.0,-inf,0.0,-inf,0.0,-inf,0.0,-inf
53,0.0,-inf,-7.8,-64.2,0.0,-inf,0.0,-inf
54,-7.0,-58.3,-7.8,-64.1,0.0,-inf,0.0,-inf
55,0.0,-inf,0.0,-inf,-7.6,-60.8,0.0,-inf
56,0.0,-inf,0.0,-inf,0.0,-inf,0.0,-inf
57,-7.1,-58.5,-8.0,-63.9,-7.8,-60.8,0.0,-inf
58,-7.2,-58.4,0.0,-inf,0.0,-inf,0.0,-inf
59,-7.2,-58.4,0.0,-inf,-7.9,-60.6,0.0,-inf
60,0.0,-inf,0.0,-inf,-7.9,-60.8,0.0,-inf
61,0.0,-inf,0.0,-inf,-8.0,-60.9,0.0,-inf
62,-7.5,-58.3,-8.2,-64.1,0.0,-inf,0.0,-inf
63,-7.6,-58.4,0.0,-inf,0.0,-inf,0.0,-inf
64,0.0,-inf,0.0,-inf,-8.1,-60.7,0.0,-inf
65,0.0,-inf,0.0,-inf,-8.2,-60.8,0.0,-inf
66,0.0,-inf,-8.5,-64.2,0.0,-inf,0.0,-inf
67,-8.9,-58.4,-9.6,-64.0,0.0,-inf,0.0,-inf
68,0.0,-inf,0.0,-inf,-8.4,-60.7,0.0,-inf
69,0.0,-inf,0.0,-inf,-8.5,-60.7,0.0,-inf
70,0.0,-inf,-8.8,-64.1,0.0,-inf,0.0,-inf
71,-8.1,-58.4,-8.9,-64.0,0.0,-inf,0.0,-inf
72,0.0,-inf,0.0,-inf,-8.8,-60.7,0.0,-inf
73,0.0,-inf,0.0,-inf,-8.8,-60.7,0.0,-inf
74,0.0,-inf,0.0,-inf,0.0,-inf,0.0,-inf
75,-8.4,-58.3,-9.1,-64.1,0.0,-inf,0.0,-inf
76,0.0,-inf,0.0,-inf,-9.0,-60.7,0.0,-inf
77,0.0,-inf,0.0,-inf,-9.0,-60.9,0.0,-inf
78,0.0,-inf,0.0,-inf,0.0,-inf,0.0,-inf
79,-8.6,-58.4,-9.5,-64.0,0.0,-inf,0.0,-inf
80,-8.8,-58.4,-9.5,-64.1,0.0,-inf,0.0,-inf
81,0.0,-inf,-9.6,-64.0,-9.4,-60.8,0.0,-inf
82,0.0,-inf,0.0,-inf,-9.4,-60.8,0.0,-inf
83,0.0,-inf,-10.8,-64.2,0.0,-inf,0.0,-inf
84,-9.0,-58.4,0.0,-inf,0.0,-inf,0.0,-inf
85,-9.1,-58.4,0.0,-inf,0.0,-inf,0.0,-inf
86,0.0,-inf,0.0,-inf,-9.8,-60.8,0.0,-inf
87,-9.2,-58.5,-10.0,-63.9,-9.8,-60.8,0.0,-inf
88,-9.4,-58.5,0.0,-inf,0.0,-inf,0.0,-inf
89,-9.4,-58.4,0.0,-inf,-10.0,-60.8,0.0,-inf
90,0.0,-inf,0.0,-inf,0.0,-inf,0.0,-inf
91,0.0,-inf,0.0,-inf,0.0,-inf,0.0,-inf
92,-9.6,-58.3,-10.4,-64.2,0.0,-inf,0.0,-inf
93,-9.8,-58.4,0.0,-inf,-10.2,-60.6,0.0,-inf
94,0.0,-inf,0.0,-inf,-10.4,-60.8,0.0,-inf
95,0.0,-inf,0.0,-inf,0.0,-inf,0.0,-inf
96,-9.9,-58.4,-10.8,-64.0,0.0,-inf,0.0,-inf
97,-11.0,-58.4,-11.8,-64.1,0.0,-inf,0.0,-inf
98,0.0,-inf,0.0,-inf,-10.6,-60.7,0.0,-inf
99,-10.1,-58.5,0.0,-inf,-10.8,-60.9,0.0,-inf
100,-10.2,-58.5,-11.0,-64.1,0.0,-inf,0.0,-inf
101,-10.4,-58.4,0.0,-inf,0.0,-inf,0.0,-inf
102,0.0,-inf,0.0,-inf,-10.9,-60.8,0.0,-inf
103,0.0,-inf,0.0,-inf,0.0,-inf,0.0,-inf
104,0.0,-inf,-11.4,-64.0,0.0,-inf,0.0,-inf
105,-10.6,-58.3,-11.4,-64.0,0.0,-inf,0.0,-inf
106,-11.8,-58.4,0.0,-inf,0.0,-inf,0.0,-inf
107,0.0,-inf,0.0,-inf,-11.2,-60.9,0.0,-inf
108,-10.9,-58.5,-11.6,-63.9,-11.4,-60.8,0.0,-inf
109,-10.9,-58.4,-11.8,-64.3,0.0,-inf,0.0,-inf
110,0.0,-inf,0.0,-inf,-11.5,-60.7,0.0,-inf
111,0.0,-inf,0.0,-inf,-11.6,-60.8,0.0,-inf
112,0.0,-inf,0.0,-inf,0.0,-inf,0.0,-inf
113,-11.2,-58.4,-12.0,-64.1,0.0,-inf,0.0,-inf
114,-11.4,-58.4,-12.1,-64.0,0.0,-inf,0.0,-inf
115,0.0,-inf,0.0,-inf,0.0,-inf,0.0,-inf
116,0.0,-inf,0.0,-inf,-12.0,-60.9,0.0,-inf
117,-11.5,-58.5,-12.4,-63.9,-12.1,-60.7,0.0,-inf
118,-11.6,-58.5,0.0,-inf,0.0,-inf,0.0,-inf
119,0.0,-inf,0.0,-inf,-12.2,-60.8,0.0,-inf
120,-11.8,-58.5,0.0,-inf,-12.2,-60.7,0.0,-inf
121,0.0,-inf,0.0,-inf,0.0,-inf,0.0,-inf
122,-11.9,-58.4,-12.8,-64.0,0.0,-inf,0.0,-inf
123,-12.0,-58.4,0.0,-inf,0.0,-inf,0.0,-inf
124,0.0,-inf,0.0,-inf,-12.6,-60.9,0.0,-inf
125,-12.1,-58.5,-12.9,-64.0,-12.8,-60.9,0.0,-inf
126,-12.2,-58.4,-13.0,-64.2,0.0,-inf,0.0,-inf
127,-12.2,-58.4,0.0,-inf,-12.9,-60.7,0.0,-inf
128,0.0,-inf,0.0,-inf,-12.9,-60.8,0.0,-inf
129,-12.5,-58.6,0.0,-inf,-13.0,-60.9,0.0,-inf
130,0.0,-inf,-13.2,-64.3,0.0,-inf,0.0,-inf
131,-12.6,-58.4,0.0,-inf,0.0,-inf,0.0,-inf
132,0.0,-inf,0.0,-inf,0.0,-inf,0.0,-inf
133,-12.8,-58.5,0.0,-inf,-13.2,-60.8,0.0,-inf
134,0.0,-inf,-13.6,-64.1,0.0,-inf,0.0,-inf
135,-12.9,-58.4,-13.6,-64.0,0.0,-inf,0.0,-inf
136,0.0,-inf,0.0,-inf,0.0,-inf,0.0,-inf
137,0.0,-inf,0.0,-inf,-13.5,-60.7,0.0,-inf
138,0.0,-inf,0.0,-inf,0.0,-inf,0.0,-inf
139,-13.1,-58.3,-13.9,-64.3,0.0,-inf,0.0,-inf
140,-13.2,-58.4,0.0,-inf,-13.8,-60.7,0.0,-inf
141,0.0,-inf,0.0,-inf,0.0,-inf,0.0,-inf
142,-13.4,-58.5,0.0,-inf,-13.9,-60.8,0.0,-inf
143,-14.4,-58.4,0.0,-inf,0.0,-inf,0.0,-inf
144,-13.5,-58.4,0.0,-inf,0.0,-inf,0.0,-inf
145,0.0,-inf,0.0,-inf,-14.0,-61.0,0.0,-inf
146,0.0,-inf,0.0,-inf,-14.1,-60.7,0.0,-inf
147,-13.6,-58.4,-14.4,-64.0,0.0,-inf,0.0,-inf
148,-14.8,-58.4,0.0,-inf,0.0,-inf,0.0,-inf
149,-13.8,-58.4,0.0,-inf,-14.4,-60.7,0.0,-inf
150,0.0,-inf,0.0,-inf,-14.4,-60.9,0.0,-inf
151,0.0,-inf,-14.8,-64.0,0.0,-inf,0.0,-inf
152,-14.0,-58.4,0.0,-inf,0.0,-inf,0.0,-inf
153,-14.1,-58.4,0.0,-inf,0.0,-inf,0.0,-inf
154,0.0,-inf,0.0,-inf,-14.6,-60.8,0.0,-inf
155,0.0,-inf,0.0,-inf,0.0,-inf,0.0,-inf
156,-15.2,-58.3,-16.0,-64.1,0.0,-inf,0.0,-inf
157,0.0,-inf,0.0,-inf,0.0,-inf,0.0,-inf
158,0.0,-inf,0.0,-inf,-14.9,-60.8,0.0,-inf
159,0.0,-inf,0.0,-inf,-15.0,-60.9,0.0,-inf
160,-14.5,-58.3,-15.4,-64.1,0.0,-inf,0.0,-inf
161,-15.6,-58.5,0.0,-inf,0.0,-inf,0.0,-inf
162,0.0,-inf,0.0,-inf,0.0,-inf,0.0,-inf
163,0.0,-inf,0.0,-inf,-15.2,-60.9,0.0,-inf
164,-14.9,-58.4,-15.6,-63.9,0.0,-inf,0.0,-inf
165,-14.9,-58.4,0.0,-inf,0.0,-inf,0.0,-inf
166,0.0,-inf,0.0,-inf,-15.5,-60.8,0.0,-inf
167,0.0,-inf,0.0,-inf,-15.6,-60.9,0.0,-inf
168,-15.1,-58.5,-15.9,-63.8,-15.6,-60.7,0.0,-inf
169,-15.1,-58.5,0.0,-inf,0.0,-inf,0.0,-inf
170,-15.2,-58.4,0.0,-inf,-15.8,-60.7,0.0,-inf
171,0.0,-inf,0.0,-inf,0.0,-inf,0.0,-inf
172,-15.4,-58.5,-16.1,-63.9,-15.9,-60.8,0.0,-inf
173,-15.5,-58.4,-16.2,-64.3,0.0,-inf,0.0,-inf
174,0.0,-inf,0.0,-inf,0.0,-inf,0.0,-inf
175,0.0,-inf,0.0,-inf,0.0,-inf,0.0,-inf
176,-15.6,-58.6,0.0,-inf,-16.2,-60.9,0.0,-inf
177,-15.8,-58.5,-16.5,-64.2,0.0,-inf,0.0,-inf
178,-15.9,-58.4,0.0,-inf,0.0,-inf,0.0,-inf
179,0.0,-inf,0.0,-inf,-16.4,-60.6,0.0,-inf
180,0.0,-inf,0.0,-inf,-16.5,-60.9,0.0,-inf
181,0.0,-inf,-16.8,-64.1,0.0,-inf,0.0,-inf
182,-16.1,-58.3,0.0,-inf,0.0,-inf,0.0,-inf
183,-16.1,-58.3,0.0,-inf,0.0,-inf,0.0,-inf
184,0.0,-inf,0.0,-inf,-16.8,-60.8,0.0,-inf
185,0.0,-inf,-17.1,-64.1,0.0,-inf,0.0,-inf
186,-16.4,-58.4,-17.1,-64.0,0.0,-inf,0.0,-inf
187,-16.5,-58.4,0.0,-inf,-17.0,-60.6,0.0,-inf
188,0.0,-inf,0.0,-inf,-17.0,-60.9,0.0,-inf
189,0.0,-inf,0.0,-inf,0.0,-inf,0.0,-inf
190,-16.6,-58.3,-17.4,-64.1,-17.1,-60.7,0.0,-inf
191,-16.8,-58.4,0.0,-inf,0.0,-inf,0.0,-inf
192,0.0,-inf,0.0,-inf,0.0,-inf,0.0,-inf
193,-16.9,-58.5,0.0,-inf,-17.4,-60.7,0.0,-inf
194,-17.0,-58.5,-17.8,-64.1,0.0,-inf,0.0,-inf
195,0.0,-inf,-17.8,-64.1,0.0,-inf,0.0,-inf
196,0.0,-inf,0.0,-inf,-17.6,-60.8,0.0,-inf
197,0.0,-inf,0.0,-inf,-17.6,-60.7,0.0,-inf
198,0.0,-inf,-18.0,-64.2,0.0,-inf,0.0,-inf
199,-17.2,-58.4,-18.1,-64.1,0.0,-inf,0.0,-inf
200,0.0,-inf,0.0,-inf,0.0,-inf,0.0,-inf
201,0.0,-inf,0.0,-inf,-18.0,-60.8,0.0,-inf
202,0.0,-inf,0.0,-inf,0.0,-inf,0.0,-inf
203,-17.6,-58.4,-18.4,-64.0,0.0,-inf,0.0,-inf
204,-17.6,-58.3,0.0,-inf,0.0,-inf,0.0,-inf
205,0.0,-inf,0.0,-inf,-18.2,-60.9,0.0,-inf
206,-17.8,-58.5,-18.6,-64.0,-18.4,-60.9,0.0,-inf
207,-17.9,-58.5,-18.6,-64.2,-18.4,-60.6,0.0,-inf
208,-18.0,-58.4,0.0,-inf,-18.5,-60.7,0.0,-inf
209,0.0,-inf,0.0,-inf,-18.6,-60.7,0.0,-inf
210,0.0,-inf,0.0,-inf,-18.6,-60.9,0.0,-inf
211,-18.1,-58.5,-19.0,-64.1,-18.8,-60.7,0.0,-inf
212,-18.2,-58.5,0.0,-inf,0.0,-inf,0.0,-inf
213,0.0,-inf,0.0,-inf,-18.9,-60.9,0.0,-inf
214,-18.4,-58.5,0.0,-inf,-18.9,-60.8,0.0,-inf
215,0.0,-inf,-19.2,-64.0,0.0,-inf,0.0,-inf
216,-18.5,-58.4,-19.4,-64.0,0.0,-inf,0.0,-inf
217,-19.6,-58.4,0.0,-inf,0.0,-inf,0.0,-inf
218,0.0,-inf,0.0,-inf,-19.2,-60.9,0.0,-inf
219,-18.8,-58.5,-19.6,-64.0,-19.4,-60.9,0.0,-inf
220,-18.9,-58.4,0.0,-inf,0.0,-inf,0.0,-inf
221,0.0,-inf,0.0,-inf,0.0,-inf,0.0,-inf
222,0.0,-inf,0.0,-inf,0.0,-inf,0.0,-inf
223,0.0,-inf,0.0,-inf,-19.6,-60.9,0.0,-inf
224,-19.1,-58.3,-20.0,-64.1,0.0,-inf,0.0,-inf
225,-19.2,-58.4,0.0,-inf,0.0,-inf,0.0,-inf
226,0.0,-inf,0.0,-inf,-19.9,-60.9,0.0,-inf
227,0.0,-inf,-20.1,-64.0,-19.9,-60.8,0.0,-inf
228,0.0,-inf,0.0,-inf,0.0,-inf,0.0,-inf
229,-19.5,-58.4,0.0,-inf,0.0,-inf,0.0,-inf
230,-19.6,-58.3,0.0,-inf,-20.1,-60.6,0.0,-inf
231,0.0,-inf,0.0,-inf,-20.2,-60.9,0.0,-inf
232,-19.8,-58.5,-20.5,-63.9,-20.2,-60.8,0.0,-inf
233,-20.9,-58.5,0.0,-inf,0.0,-inf,0.0,-inf
234,0.0,-inf,0.0,-inf,-20.5,-60.7,0.0,-inf
235,0.0,-inf,0.0,-inf,-20.5,-60.8,0.0,-inf
236,0.0,-inf,0.0,-inf,0.0,-inf,0.0,-inf
237,-20.1,-58.3,-20.9,-64.1,0.0,-inf,0.0,-inf
238,-20.2,-58.4,0.0,-inf,0.0,-inf,0.0,-inf
239,0.0,-inf,0.0,-inf,-20.9,-60.9,0.0,-inf
240,-20.4,-58.5,0.0,-inf,-20.9,-60.8,0.0,-inf
241,-20.5,-58.5,0.0,-inf,0.0,-inf,0.0,-inf
242,-20.5,-58.4,-21.2,-64.1,0.0,-inf,0.0,-inf
243,0.0,-inf,0.0,-inf,-21.1,-60.7,0.0,-inf
244,0.0,-inf,-21.5,-63.9,-21.2,-60.9,0.0,-inf
245,0.0,-inf,-21.5,-64.1,0.0,-inf,0.0,-inf
246,-20.8,-58.4,0.0,-inf,0.0,-inf,0.0,-inf
247,-21.9,-58.3,0.0,-inf,0.0,-inf,0.0,-inf
248,0.0,-inf,0.0,-inf,-21.5,-60.9,0.0,-inf
249,0.0,-inf,0.0,-inf,-21.5,-60.9,0.0,-inf
250,-21.1,-58.4,0.0,-inf,-21.6,-60.6,0.0,-inf
251,0.0,-inf,0.0,-inf,0.0,-inf,0.0,-inf
252,0.0,-inf,0.0,-inf,0.0,-inf,0.0,-inf
253,-21.4,-58.6,-22.1,-63.9,-21.9,-60.8,0.0,-inf
254,-21.4,-58.4,-22.1,-64.2,0.0,-inf,0.0,-inf
255,-21.5,-58.4,0.0,-inf,-22.0,-60.7,0.0,-inf
256,0.0,-inf,0.0,-inf,-23.1,-60.8,0.0,-inf
257,0.0,-inf,0.0,-inf,0.0,-inf,0.0,-inf
258,0.0,-inf,0.0,-inf,-22.2,-60.7,0.0,-inf
259,-21.8,-58.5,0.0,-inf,0.0,-inf,0.0,-inf
260,0.0,-inf,0.0,-inf,-22.4,-60.7,0.0,-inf
261,0.0,-inf,0.0,-inf,-22.4,-60.9,0.0,-inf
262,-22.0,-58.5,-22.8,-63.9,0.0,-inf,0.0,-inf
263,-22.0,-58.5,0.0,-inf,0.0,-inf,0.0,-inf
264,-22.1,-58.4,0.0,-inf,-22.6,-60.7,0.0,-inf
265,0.0,-inf,0.0,-inf,-22.8,-61.0,0.0,-inf
266,-22.2,-58.5,-23.0,-63.9,-22.8,-60.9,0.0,-inf
267,0.0,-inf,0.0,-inf,0.0,-inf,0.0,-inf
268,0.0,-inf,0.0,-inf,0.0,-inf,0.0,-inf
269,0.0,-inf,0.0,-inf,-23.0,-61.0,0.0,-inf
270,-22.5,-58.5,-23.2,-64.0,-23.0,-60.8,0.0,-inf
271,-22.6,-58.4,0.0,-inf,0.0,-inf,0.0,-inf
272,-22.6,-58.4,0.0,-inf,0.0,-inf,0.0,-inf
273,0.0,-inf,0.0,-inf,-23.2,-60.9,0.0,-inf
274,0.0,-inf,0.0,-inf,-23.4,-60.8,0.0,-inf
275,-22.9,-58.4,-23.6,-64.0,0.0,-inf,0.0,-inf
276,-22.9,-58.4,0.0,-inf,0.0,-inf,0.0,-inf
277,-23.0,-58.4,0.0,-inf,-23.5,-60.7,0.0,-inf
278,0.0,-inf,0.0,-inf,-23.6,-60.9,0.0,-inf
279,0.0,-inf,-23.9,-64.0,0.0,-inf,0.0,-inf
280,-23.1,-58.4,-24.0,-64.0,0.0,-inf,0.0,-inf
281,0.0,-inf,0.0,-inf,-23.8,-60.7,0.0,-inf
282,0.0,-inf,0.0,-inf,-23.9,-60.8,0.0,-inf
283,-23.4,-58.5,0.0,-inf,-23.9,-60.8,0.0,-inf
284,-23.5,-58.4,-24.2,-64.3,0.0,-inf,0.0,-inf
285,-23.5,-58.4,-24.2,-64.1,0.0,-inf,0.0,-inf
286,0.0,-inf,0.0,-inf,-24.1,-60.9,0.0,-inf
287,-23.6,-58.5,0.0,-inf,0.0,-inf,0.0,-inf
288,-23.8,-58.4,-24.5,-64.0,0.0,-inf,0.0,-inf
289,-23.8,-58.5,0.0,-inf,0.0,-inf,0.0,-inf
290,0.0,-inf,0.0,-inf,-24.4,-60.9,0.0,-inf
291,0.0,-inf,0.0,-inf,-24.4,-60.9,0.0,-inf
292,-24.0,-58.5,-24.8,-64.0,-24.5,-60.8,0.0,-inf
293,-25.0,-58.4,0.0,-inf,0.0,-inf,0.0,-inf
294,-24.1,-58.4,0.0,-inf,0.0,-inf,0.0,-inf
295,0.0,-inf,0.0,-inf,0.0,-inf,0.0,-inf
296,0.0,-inf,0.0,-inf,0.0,-inf,0.0,-inf
297,-24.2,-58.4,-25.1,-64.2,0.0,-inf,0.0,-inf
298,0.0,-inf,0.0,-inf,-25.9,-60.7,0.0,-inf
299,0.0,-inf,0.0,-inf,0.0,-inf,0.0,-inf
300,-24.5,-58.5,-25.2,-63.9,-25.0,-60.9,0.0,-inf
301,-24.5,-58.6,0.0,-inf,0.0,-inf,0.0,-inf
302,-24.6,-58.4,0.0,-inf,-25.1,-60.7,0.0,-inf
303,0.0,-inf,0.0,-inf,-25.2,-60.9,0.0,-inf
304,-24.8,-58.5,0.0,-inf,-25.2,-60.8,0.0,-inf
305,-24.9,-58.4,-25.6,-64.1,0.0,-inf,0.0,-inf
306,-25.9,-58.4,-26.6,-64.2,0.0,-inf,0.0,-inf
307,0.0,-inf,0.0,-inf,-25.5,-60.9,0.0,-inf
308,0.0,-inf,0.0,-inf,0.0,-inf,0.0,-inf
309,-25.1,-58.4,-25.9,-63.9,-25.6,-60.7,0.0,-inf
310,-25.1,-58.4,0.0,-inf,0.0,-inf,0.0,-inf
311,0.0,-inf,0.0,-inf,-26.8,-60.8,0.0,-inf
312,0.0,-inf,0.0,-inf,0.0,-inf,0.0,-inf
313,-25.4,-58.5,-26.1,-63.9,-25.9,-60.8,0.0,-inf
314,-25.5,-58.4,-26.2,-64.2,0.0,-inf,0.0,-inf
315,-25.5,-58.5,0.0,-inf,0.0,-inf,0.0,-inf
316,0.0,-inf,0.0,-inf,-26.1,-60.8,0.0,-inf
317,0.0,-inf,0.0,-inf,0.0,-inf,0.0,-inf
318,-25.8,-58.3,-26.5,-64.0,0.0,-inf,0.0,-inf
319,-25.9,-58.4,0.0,-inf,0.0,-inf,0.0,-inf
320,0.0,-inf,0.0,-inf,-26.4,-60.9,0.0,-inf
321,-26.0,-58.6,0.0,-inf,-26.5,-60.9,0.0,-inf
322,-26.1,-58.5,-26.9,-64.2,0.0,-inf,0.0,-inf
323,-26.1,-58.5,0.0,-inf,0.0,-inf,0.0,-inf
324,0.0,-inf,0.0,-inf,-26.8,-60.9,0.0,-inf
325,0.0,-inf,0.0,-inf,0.0,-inf,0.0,-inf
326,0.0,-inf,-27.1,-64.1,0.0,-inf,0.0,-inf
327,-26.5,-58.4,0.0,-inf,0.0,-inf,0.0,-inf
328,-26.5,-58.4,0.0,-inf,-27.1,-60.7,0.0,-inf
329,0.0,-inf,0.0,-inf,-27.1,-60.9,0.0,-inf
330,0.0,-inf,-27.5,-63.9,0.0,-inf,0.0,-inf
331,-26.8,-58.3,-27.5,-64.2,0.0,-inf,0.0,-inf
332,-26.9,-58.4,0.0,-inf,-27.4,-60.7,0.0,-inf
333,0.0,-inf,0.0,-inf,-27.5,-60.9,0.0,-inf
334,-27.0,-58.5,-27.8,-63.9,-27.5,-60.9,0.0,-inf
335,-27.1,-58.4,-27.9,-64.2,0.0,-inf,0.0,-inf
336,-27.1,-58.5,0.0,-inf,0.0,-inf,0.0,-inf
337,0.0,-inf,0.0,-inf,0.0,-inf,0.0,-inf
338,0.0,-inf,0.0,-inf,-27.9,-60.9,0.0,-inf
339,-27.4,-58.5,-28.2,-64.1,0.0,-inf,0.0,-inf
340,-27.5,-58.5,0.0,-inf,0.0,-inf,0.0,-inf
341,0.0,-inf,0.0,-inf,-28.1,-60.9,0.0,-inf
342,0.0,-inf,0.0,-inf,-28.1,-60.8,0.0,-inf
343,0.0,-inf,0.0,-inf,0.0,-inf,0.0,-inf
344,-27.9,-58.4,0.0,-inf,0.0,-inf,0.0,-inf
345,-27.9,-58.4,0.0,-inf,-28.4,-60.7,0.0,-inf
346,0.0,-inf,0.0,-inf,0.0,-inf,0.0,-inf
347,0.0,-inf,0.0,-inf,0.0,-inf,0.0,-inf
348,-28.1,-58.3,-28.9,-64.2,0.0,-inf,0.0,-inf
349,-28.2,-58.4,0.0,-inf,0.0,-inf,0.0,-inf
350,0.0,-inf,0.0,-inf,-28.8,-61.0,0.0,-inf
351,-28.4,-58.5,0.0,-inf,-28.9,-60.9,0.0,-inf
352,-28.4,-58.6,0.0,-inf,0.0,-inf,0.0,-inf
353,-28.5,-58.4,0.0,-inf,0.0,-inf,0.0,-inf
354,0.0,-inf,0.0,-inf,-29.1,-60.8,0.0,-inf
355,-28.6,-58.5,-29.4,-63.9,0.0,-inf,0.0,-inf
356,0.0,-inf,-29.5,-64.1,0.0,-inf,0.0,-inf
357,-28.8,-58.4,0.0,-inf,0.0,-inf,0.0,-inf
358,-28.9,-58.4,0.0,-inf,0.0,-inf,0.0,-inf
359,0.0,-inf,0.0,-inf,-29.5,-60.9,0.0,-inf
360,-29.0,-58.5,-29.8,-64.1,0.0,-inf,0.0,-inf
361,-29.1,-58.4,0.0,-inf,0.0,-inf,0.0,-inf
362,0.0,-inf,0.0,-inf,0.0,-inf,0.0,-inf
363,0.0,-inf,0.0,-inf,-29.8,-60.9,0.0,-inf
364,0.0,-inf,0.0,-inf,0.0,-inf,0.0,-inf
365,-29.4,-58.3,-30.1,-64.0,0.0,-inf,0.0,-inf
366,-29.4,-58.4,0.0,-inf,0.0,-inf,0.0,-inf
367,0.0,-inf,0.0,-inf,0.0,-inf,-31.1,-64.9
368,0.0,-inf,0.0,-inf,-30.1,-60.9,0.0,-inf
369,-29.6,-58.3,-30.4,-64.0,0.0,-inf,0.0,-inf
370,-29.8,-58.6,0.0,-inf,0.0,-inf,0.0,-inf
371,0.0,-inf,0.0,-inf,-30.2,-60.8,0.0,-inf
372,0.0,-inf,0.0,-inf,-30.4,-60.9,0.0,-inf
373,-29.9,-58.5,0.0,-inf,0.0,-inf,0.0,-inf
374,-30.0,-58.4,0.0,-inf,0.0,-inf,0.0,-inf
375,0.0,-inf,0.0,-inf,0.0,-inf,0.0,-inf
376,0.0,-inf,0.0,-inf,-30.6,-60.8,0.0,-inf
377,0.0,-inf,-30.9,-63.9,0.0,-inf,0.0,-inf
378,-30.2,-58.4,0.0,-inf,0.0,-inf,0.0,-inf
379,-30.2,-58.4,0.0,-inf,0.0,-inf,0.0,-inf
380,0.0,-inf,0.0,-inf,-30.9,-60.9,0.0,-inf
381,0.0,-inf,0.0,-inf,0.0,-inf,0.0,-inf
382,0.0,-inf,-31.2,-64.1,-31.0,-60.8,0.0,-inf
383,0.0,-inf,0.0,-inf,0.0,-inf,0.0,-inf
384,0.0,-inf,0.0,-inf,0.0,-inf,0.0,-inf
385,0.0,-inf,-31.4,-64.0,0.0,-inf,0.0,-inf
386,-30.8,-58.5,0.0,-inf,0.0,-inf,0.0,-inf
387,-30.8,-58.4,0.0,-inf,0.0,-inf,0.0,-inf
388,0.0,-inf,0.0,-inf,-31.4,-60.8,0.0,-inf
389,0.0,-inf,0.0,-inf,-31.4,-60.9,0.0,-inf
390,0.0,-inf,-31.8,-64.0,0.0,-inf,0.0,-inf
391,-31.0,-58.4,-31.8,-64.0,0.0,-inf,0.0,-inf
392,0.0,-inf,0.0,-inf,-31.6,-60.7,0.0,-inf
393,0.0,-inf,0.0,-inf,0.0,-inf,0.0,-inf
394,-31.2,-58.5,0.0,-inf,-31.8,-60.8,0.0,-inf
395,-31.2,-58.5,0.0,-inf,0.0,-inf,0.0,-inf
396,-31.4,-58.4,0.0,-inf,-31.9,-60.7,0.0,-inf
397,0.0,-inf,0.0,-inf,-32.9,-61.0,0.0,-inf
398,0.0,-inf,0.0,-inf,0.0,-inf,0.0,-inf
399,-31.5,-58.4,-32.4,-64.0,-32.1,-60.7,0.0,-inf
400,-31.6,-58.5,0.0,-inf,0.0,-inf,0.0,-inf
401,0.0,-inf,0.0,-inf,-32.2,-60.9,0.0,-inf
402,0.0,-inf,0.0,-inf,0.0,-inf,0.0,-inf
403,-31.8,-58.4,-32.6,-64.0,0.0,-inf,0.0,-inf
404,-31.9,-58.5,0.0,-inf,0.0,-inf,0.0,-inf
405,-32.0,-58.4,0.0,-inf,-32.5,-60.7,0.0,-inf
406,0.0,-inf,0.0,-inf,-33.5,-61.0,0.0,-inf
407,-32.1,-58.5,0.0,-inf,-32.6,-60.8,0.0,-inf
408,-32.1,-58.5,0.0,-inf,0.0,-inf,0.0,-inf
409,-32.2,-58.4,0.0,-inf,-32.8,-60.7,0.0,-inf
410,0.0,-inf,0.0,-inf,-32.9,-61.0,0.0,-inf
411,-32.4,-58.5,-33.1,-63.9,-32.9,-60.9,0.0,-inf
412,-32.5,-58.5,0.0,-inf,0.0,-inf,0.0,-inf
413,0.0,-inf,0.0,-inf,0.0,-inf,0.0,-inf
414,0.0,-inf,0.0,-inf,0.0,-inf,0.0,-inf
415,0.0,-inf,0.0,-inf,-33.2,-60.9,0.0,-inf
416,-32.8,-58.5,-33.5,-64.1,-33.2,-60.7,0.0,-inf
417,-32.8,-58.5,0.0,-inf,0.0,-inf,0.0,-inf
418,0.0,-inf,0.0,-inf,-33.4,-60.8,0.0,-inf
419,0.0,-inf,0.0,-inf,-33.5,-60.9,0.0,-inf
420,-33.0,-58.4,-33.8,-64.0,0.0,-inf,0.0,-inf
421,-33.1,-58.4,-33.9,-64.2,0.0,-inf,0.0,-inf
422,0.0,-inf,0.0,-inf,-33.8,-60.8,0.0,-inf
423,0.0,-inf,0.0,-inf,-33.8,-60.8,0.0,-inf
424,0.0,-inf,0.0,-inf,0.0,-inf,0.0,-inf
425,-33.4,-58.4,0.0,-inf,0.0,-inf,0.0,-inf
426,-33.5,-58.4,0.0,-inf,0.0,-inf,0.0,-inf
427,0.0,-inf,0.0,-inf,0.0,-inf,0.0,-inf
428,0.0,-inf,0.0,-inf,0.0,-inf,0.0,-inf
429,-33.8,-58.4,-34.5,-64.2,-34.2,-60.8,0.0,-inf
430,-33.8,-58.5,0.0,-inf,0.0,-inf,0.0,-inf
431,0.0,-inf,0.0,-inf,-34.4,-60.9,0.0,-inf
432,0.0,-inf,-34.8,-64.0,-34.5,-60.8,0.0,-inf
433,0.0,-inf,-34.9,-64.3,0.0,-inf,0.0,-inf
434,-34.1,-58.4,0.0,-inf,0.0,-inf,0.0,-inf
435,0.0,-inf,0.0,-inf,-34.8,-60.9,0.0,-inf
436,-34.2,-58.5,0.0,-inf,-34.8,-60.8,0.0,-inf
437,0.0,-inf,-35.1,-64.1,0.0,-inf,0.0,-inf
438,-34.4,-58.4,0.0,-inf,0.0,-inf,0.0,-inf
439,0.0,-inf,0.0,-inf,-21.6,-60.5,0.0,-inf
440,-21.1,-58.6,-21.4,-63.5,0.0,-inf,0.0,-inf
441,-21.4,-58.6,-21.6,-63.6,0.0,-inf,0.0,-inf
442,-21.6,-58.7,-21.9,-63.5,-22.4,-60.9,0.0,-inf
443,-21.9,-58.7,0.0,-inf,0.0,-inf,0.0,-inf
444,-22.1,-58.6,-22.4,-63.6,-23.0,-61.0,0.0,-inf
445,-22.4,-58.7,0.0,-inf,0.0,-inf,0.0,-inf
446,0.0,-inf,0.0,-inf,0.0,-inf,0.0,-inf
447,0.0,-inf,0.0,-inf,0.0,-inf,0.0,-inf
448,-23.2,-58.6,0.0,-inf,0.0,-inf,0.0,-inf
449,0.0,-inf,0.0,-inf,0.0,-inf,0.0,-inf
450,-23.8,-58.6,0.0,-inf,0.0,-inf,0.0,-inf
451,0.0,-inf,0.0,-inf,0.0,-inf,0.0,-inf
452,-25.2,-58.7,0.0,-inf,-26.0,-60.8,0.0,-inf
453,0.0,-inf,-24.8,-63.5,-25.2,-61.0,0.0,-inf
454,-24.8,-58.7,0.0,-inf,-25.5,-60.9,0.0,-inf
455,0.0,-inf,-25.2,-63.6,-25.8,-61.0,0.0,-inf
456,0.0,-inf,-25.5,-63.8,-26.0,-61.0,0.0,-inf
457,-25.5,-58.5,-25.8,-63.6,-26.2,-61.0,0.0,-inf
458,0.0,-inf,-26.0,-63.8,-26.6,-61.0,0.0,-inf
459,0.0,-inf,-26.2,-63.6,-26.9,-61.0,0.0,-inf
460,0.0,-inf,-26.5,-63.7,-27.1,-61.0,0.0,-inf
461,-26.5,-58.4,-26.8,-63.5,-27.4,-60.9,0.0,-inf
462,-26.8,-58.7,-27.0,-63.6,-27.6,-60.9,0.0,-inf
463,0.0,-inf,-27.2,-63.6,0.0,-inf,0.0,-inf
464,-27.4,-58.7,-27.5,-63.6,0.0,-inf,0.0,-inf
465,-27.6,-58.7,0.0,-inf,0.0,-inf,0.0,-inf
466,-27.9,-58.6,-28.1,-63.6,-28.6,-61.0,0.0,-inf
467,-28.1,-58.7,0.0,-inf,0.0,-inf,0.0,-inf
468,-29.4,-58.6,-29.6,-63.6,0.0,-inf,0.0,-inf
469,-28.6,-58.7,0.0,-inf,0.0,-inf,0.0,-inf
470,0.0,-inf,-29.1,-63.7,0.0,-inf,0.0,-inf
471,-29.1,-58.7,0.0,-inf,0.0,-inf,0.0,-inf
472,0.0,-inf,0.0,-inf,0.0,-inf,0.0,-inf
473,-29.6,-58.7,-29.9,-63.4,0.0,-inf,0.0,-inf
474,0.0,-inf,0.0,-inf,0.0,-inf,0.0,-inf
475,0.0,-inf,0.0,-inf,0.0,-inf,0.0,-inf
476,0.0,-inf,-30.6,-63.5,0.0,-inf,0.0,-inf
477,0.0,-inf,-30.9,-63.8,-31.5,-61.0,0.0,-inf
478,0.0,-inf,-31.2,-63.7,0.0,-inf,0.0,-inf
479,0.0,-inf,-31.5,-63.6,-32.0,-61.1,0.0,-inf
480,0.0,-inf,-31.8,-63.8,-32.2,-60.9,0.0,-inf
481,0.0,-inf,-32.0,-63.7,0.0,-inf,0.0,-inf
482,-33.0,-58.7,-33.2,-63.4,-33.9,-61.1,0.0,-inf
483,0.0,-inf,-32.5,-63.7,0.0,-inf,0.0,-inf
484,-32.6,-58.7,-32.8,-63.7,0.0,-inf,0.0,-inf
485,-32.9,-58.7,-33.0,-63.6,-33.6,-61.0,0.0,-inf
486,-33.1,-58.7,0.0,-inf,0.0,-inf,0.0,-inf
487,-33.4,-58.7,0.0,-inf,0.0,-inf,0.0,-inf
488,-33.6,-58.6,-33.9,-63.6,0.0,-inf,0.0,-inf
489,-33.9,-58.7,0.0,-inf,0.0,-inf,0.0,-inf
490,-34.1,-58.7,0.0,-inf,0.0,-inf,0.0,-inf
491,-35.4,-58.6,0.0,-inf,0.0,-inf,0.0,-inf
492,-34.8,-58.7,-34.9,-63.6,0.0,-inf,0.0,-inf
493,0.0,-inf,0.0,-inf,0.0,-inf,0.0,-inf
494,-35.2,-58.6,0.0,-inf,0.0,-inf,0.0,-inf
495,0.0,-inf,-35.8,-63.6,0.0,-inf,0.0,-inf
496,-35.8,-58.8,-36.0,-63.5,-36.6,-61.0,0.0,-inf
497,0.0,-inf,-36.2,-63.7,0.0,-inf,0.0,-inf
498,0.0,-inf,-36.5,-63.8,-37.1,-61.0,0.0,-inf
499,0.0,-inf,-36.8,-63.8,0.0,-inf,0.0,-inf
500,-36.9,-58.6,-37.1,-63.6,-37.6,-61.0,0.0,-inf
501,0.0,-inf,-37.4,-63.5,-37.9,-61.1,0.0,-inf
502,0.0,-inf,-37.6,-63.8,-38.1,-60.9,0.0,-inf
503,0.0,-inf,-37.9,-63.8,0.0,-inf,0.0,-inf
504,-37.9,-58.7,-38.1,-63.5,-38.8,-61.0,0.0,-inf
505,-38.2,-58.7,-38.4,-63.7,-39.0,-61.0,0.0,-inf
506,-38.5,-58.7,0.0,-inf,0.0,-inf,0.0,-inf
507,0.0,-inf,0.0,-inf,-39.5,-61.0,0.0,-inf
508,-39.0,-58.6,-39.2,-63.6,0.0,-inf,0.0,-inf
509,-39.2,-58.7,0.0,-inf,0.0,-inf,0.0,-inf
510,-39.5,-58.8,0.0,-inf,0.0,-inf,0.0,-inf
511,-39.8,-58.7,0.0,-inf,0.0,-inf,0.0,-inf
512,-40.1,-58.8,-40.2,-63.5,0.0,-inf,0.0,-inf
513,-40.4,-58.8,0.0,-inf,0.0,-inf,0.0,-inf
514,-40.6,-58.7,0.0,-inf,0.0,-inf,0.0,-inf
515,-40.9,-58.7,0.0,-inf,0.0,-inf,0.0,-inf
516,-41.1,-58.4,0.0,-inf,0.0,-inf,0.0,-inf
517,-31.4,-58.8,-31.6,-63.7,-32.2,-60.8,0.0,-inf
518,0.0,-inf,-31.9,-63.7,0.0,-inf,0.0,-inf
519,0.0,-inf,-22.1,-63.7,-22.8,-61.0,0.0,-inf
520,0.0,-inf,-22.4,-63.6,-23.0,-61.0,0.0,-inf
521,0.0,-inf,-12.8,-63.8,-13.2,-60.9,0.0,-inf
522,-12.8,-58.5,-13.0,-63.8,0.0,-inf,0.0,-inf
523,0.0,-inf,-3.2,-63.3,-3.8,-61.1,0.0,-inf
524,0.0,-inf,-3.5,-63.7,-4.1,-60.9,0.0,-inf
525,6.5,-58.6,6.2,-63.8,0.0,-inf,0.0,-inf
526,6.2,-58.7,6.0,-63.4,5.4,-61.0,0.0,-inf
527,15.9,-58.6,0.0,-inf,15.1,-60.9,0.0,-inf
528,14.6,-58.7,14.5,-63.8,0.0,-inf,0.0,-inf
529,25.4,-58.7,25.1,-63.6,24.6,-60.9,0.0,-inf
530,25.1,-58.7,0.0,-inf,0.0,-inf,0.0,-inf
531,34.9,-58.6,34.6,-63.7,0.0,-inf,0.0,-inf
532,34.6,-58.7,0.0,-inf,0.0,-inf,0.0,-inf
533,43.4,-58.6,0.0,-inf,0.0,-inf,0.0,-inf
534,0.0,-inf,0.0,-inf,0.0,-inf,0.0,-inf
535,0.0,-inf,0.0,-inf,0.0,-inf,0.0,-inf
536,0.0,-inf,53.4,-63.4,0.0,-inf,0.0,-inf
537,63.4,-58.8,0.0,-inf,0.0,-inf,0.0,-inf
538,0.0,-inf,0.0,-inf,0.0,-inf,0.0,-inf
539,0.0,-inf,72.6,-63.7,72.0,-61.0,0.0,-inf
540,0.0,-inf,72.4,-63.9,0.0,-inf,0.0,-inf
541,0.0,-inf,81.1,-63.8,80.5,-61.2,0.0,-inf
542,0.0,-inf,81.8,-64.0,0.0,-inf,0.0,-inf
543,0.0,-inf,91.5,-63.7,91.0,-61.3,0.0,-inf
544,0.0,-inf,91.2,-64.0,0.0,-inf,0.0,-inf
545,101.2,-59.0,101.0,-63.7,100.5,-61.3,0.0,-inf
546,100.0,-58.8,99.8,-64.1,0.0,-inf,0.0,-inf
547,110.8,-58.9,110.5,-63.8,110.0,-61.3,0.0,-inf
548,110.5,-59.0,110.2,-64.0,0.0,-inf,0.0,-inf
549,120.2,-59.0,0.0,-inf,119.5,-61.3,0.0,-inf
550,0.0,-inf,0.0,-inf,119.1,-61.3,0.0,-inf
551,129.8,-59.1,0.0,-inf,0.0,-inf,0.0,-inf
552,129.5,-59.0,129.2,-64.1,0.0,-inf,0.0,-inf
553,139.2,-59.2,0.0,-inf,0.0,-inf,0.0,-inf
554,139.0,-59.2,138.8,-64.1,0.0,-inf,0.0,-inf
555,148.8,-59.2,0.0,-inf,0.0,-inf,0.0,-inf
556,148.5,-59.2,148.2,-64.1,0.0,-inf,0.0,-inf
557,158.2,-59.3,0.0,-inf,0.0,-inf,0.0,-inf
558,157.9,-59.3,0.0,-inf,0.0,-inf,0.0,-inf
559,0.0,-inf,0.0,-inf,166.9,-61.7,0.0,-inf
560,0.0,-inf,167.2,-64.3,0.0,-inf,0.0,-inf
561,0.0,-inf,177.0,-64.6,176.4,-61.8,0.0,-inf
562,0.0,-inf,176.6,-64.4,0.0,-inf,0.0,-inf
563,0.0,-inf,186.4,-64.6,185.9,-61.9,0.0,-inf
564,0.0,-inf,186.1,-64.7,0.0,-inf,0.0,-inf
565,0.0,-inf,195.9,-64.4,195.4,-62.0,0.0,-inf
566,0.0,-inf,195.6,-64.8,195.1,-61.9,0.0,-inf
567,205.6,-59.7,205.4,-64.7,0.0,-inf,0.0,-inf
568,205.4,-59.7,205.1,-64.7,204.5,-62.1,0.0,-inf
569,215.1,-59.9,0.0,-inf,214.2,-62.1,0.0,-inf
570,0.0,-inf,214.6,-64.8,0.0,-inf,0.0,-inf
571,224.5,-60.0,224.4,-64.9,0.0,-inf,0.0,-inf
572,224.2,-60.0,0.0,-inf,0.0,-inf,0.0,-inf
573,234.0,-60.1,0.0,-inf,0.0,-inf,0.0,-inf
574,233.8,-60.1,233.5,-65.0,0.0,-inf,0.0,-inf
575,243.5,-60.3,0.0,-inf,0.0,-inf,0.0,-inf
576,0.0,-inf,0.0,-inf,0.0,-inf,0.0,-inf
577,252.9,-60.3,0.0,-inf,0.0,-inf,0.0,-inf
578,0.0,-inf,252.4,-65.1,0.0,-inf,0.0,-inf
579,0.0,-inf,0.0,-inf,0.0,-inf,0.0,-inf
580,0.0,-inf,0.0,-inf,0.0,-inf,0.0,-inf
581,0.0,-inf,0.0,-inf,0.0,-inf,0.0,-inf
582,0.0,-inf,271.4,-65.5,0.0,-inf,0.0,-inf
583,0.0,-inf,281.1,-65.7,280.5,-63.1,0.0,-inf
584,0.0,-inf,280.9,-65.8,0.0,-inf,0.0,-inf
585,0.0,-inf,290.5,-66.1,0.0,-inf,0.0,-inf
586,0.0,-inf,290.2,-66.0,0.0,-inf,0.0,-inf
587,300.2,-61.1,300.0,-66.0,0.0,-inf,0.0,-inf
588,0.0,-inf,299.8,-66.1,299.1,-63.5,0.0,-inf
589,0.0,-inf,309.5,-66.3,0.0,-inf,0.0,-inf
590,309.4,-61.3,309.2,-66.3,0.0,-inf,0.0,-inf
591,0.0,-inf,318.9,-66.5,0.0,-inf,0.0,-inf
592,318.9,-61.5,0.0,-inf,0.0,-inf,0.0,-inf
593,328.6,-61.7,0.0,-inf,0.0,-inf,0.0,-inf
594,0.0,-inf,328.1,-66.7,0.0,-inf,0.0,-inf
595,338.1,-61.9,0.0,-inf,0.0,-inf,0.0,-inf
596,337.9,-61.9,0.0,-inf,0.0,-inf,0.0,-inf
597,0.0,-inf,0.0,-inf,0.0,-inf,0.0,-inf
598,347.2,-62.0,0.0,-inf,0.0,-inf,0.0,-inf
599,0.0,-inf,0.0,-inf,0.0,-inf,0.0,-inf
600,0.0,-inf,0.0,-inf,0.0,-inf,0.0,-inf
601,0.0,-inf,0.0,-inf,0.0,-inf,0.0,-inf
602,0.0,-inf,365.0,-67.4,0.0,-inf,0.0,-inf
603,0.0,-inf,375.8,-67.7,0.0,-inf,0.0,-inf
604,0.0,-inf,375.5,-67.8,0.0,-inf,0.0,-inf
605,0.0,-inf,385.2,-68.0,0.0,-inf,0.0,-inf
606,0.0,-inf,384.9,-67.9,0.0,-inf,0.0,-inf
607,0.0,-inf,394.6,-68.2,0.0,-inf,0.0,-inf
608,0.0,-inf,394.4,-68.3,0.0,-inf,0.0,-inf
609,404.4,-63.3,404.1,-68.2,0.0,-inf,0.0,-inf
610,0.0,-inf,0.0,-inf,0.0,-inf,0.0,-inf
611,413.9,-63.7,0.0,-inf,0.0,-inf,0.0,-inf
612,0.0,-inf,413.4,-68.6,0.0,-inf,0.0,-inf
613,0.0,-inf,0.0,-inf,0.0,-inf,0.0,-inf
614,0.0,-inf,0.0,-inf,0.0,-inf,0.0,-inf
615,432.8,-64.1,0.0,-inf,0.0,-inf,0.0,-inf
616,432.5,-64.3,0.0,-inf,0.0,-inf,0.0,-inf
617,442.2,-64.3,0.0,-inf,0.0,-inf,0.0,-inf
618,441.0,-64.5,0.0,-inf,0.0,-inf,0.0,-inf
619,0.0,-inf,0.0,-inf,0.0,-inf,0.0,-inf
620,0.0,-inf,0.0,-inf,0.0,-inf,0.0,-inf
621,0.0,-inf,0.0,-inf,0.0,-inf,0.0,-inf
622,0.0,-inf,0.0,-inf,460.1,-66.9,0.0,-inf
623,0.0,-inf,433.5,-68.7,0.0,-inf,0.0,-inf
624,0.0,-inf,433.2,-69.1,0.0,-inf,0.0,-inf
625,0.0,-inf,405.9,-68.5,0.0,-inf,0.0,-inf
626,0.0,-inf,405.6,-68.6,0.0,-inf,0.0,-inf
627,0.0,-inf,378.4,-67.8,0.0,-inf,0.0,-inf
628,0.0,-inf,378.1,-67.8,0.0,-inf,0.0,-inf
629,0.0,-inf,350.9,-67.2,0.0,-inf,0.0,-inf
630,0.0,-inf,350.6,-67.0,0.0,-inf,0.0,-inf
631,0.0,-inf,323.4,-66.6,0.0,-inf,0.0,-inf
632,322.4,-61.5,0.0,-inf,0.0,-inf,0.0,-inf
633,0.0,-inf,295.9,-66.0,295.2,-63.3,0.0,-inf
634,295.8,-61.1,0.0,-inf,0.0,-inf,0.0,-inf
635,268.5,-60.6,268.2,-65.6,0.0,-inf,0.0,-inf
636,0.0,-inf,268.0,-65.5,0.0,-inf,0.0,-inf
637,0.0,-inf,0.0,-inf,0.0,-inf,0.0,-inf
638,240.8,-60.2,0.0,-inf,0.0,-inf,0.0,-inf
639,0.0,-inf,213.2,-64.7,0.0,-inf,0.0,-inf
640,213.2,-59.9,0.0,-inf,0.0,-inf,0.0,-inf
641,184.9,-59.5,0.0,-inf,0.0,-inf,0.0,-inf
642,0.0,-inf,0.0,-inf,0.0,-inf,0.0,-inf
643,0.0,-inf,158.1,-64.2,0.0,-inf,0.0,-inf
644,0.0,-inf,0.0,-inf,0.0,-inf,0.0,-inf
645,0.0,-inf,0.0,-inf,0.0,-inf,0.0,-inf
646,0.0,-inf,130.4,-64.1,0.0,-inf,0.0,-inf
647,0.0,-inf,103.1,-63.8,102.5,-61.2,0.0,-inf
648,0.0,-inf,102.9,-63.9,102.2,-61.3,0.0,-inf
649,0.0,-inf,75.6,-64.0,75.0,-61.1,0.0,-inf
650,0.0,-inf,75.2,-64.0,0.0,-inf,0.0,-inf
651,0.0,-inf,48.0,-63.6,47.5,-61.1,0.0,-inf
652,48.0,-58.7,47.8,-63.4,47.1,-61.1,0.0,-inf
653,0.0,-inf,20.5,-63.5,19.9,-61.0,0.0,-inf
654,0.0,-inf,20.2,-63.7,0.0,-inf,0.0,-inf
655,-6.9,-58.7,-7.1,-63.8,-7.6,-60.9,0.0,-inf
656,-7.1,-58.7,-7.4,-63.8,0.0,-inf,0.0,-inf
657,0.0,-inf,-34.6,-63.6,0.0,-inf,0.0,-inf
658,-34.6,-58.7,-34.9,-63.6,-35.5,-61.0,0.0,-inf
659,-61.9,-58.8,0.0,-inf,0.0,-inf,0.0,-inf
660,0.0,-inf,0.0,-inf,0.0,-inf,0.0,-inf
661,0.0,-inf,0.0,-inf,0.0,-inf,0.0,-inf
662,-89.8,-58.9,0.0,-inf,0.0,-inf,0.0,-inf
663,-117.0,-59.1,0.0,-inf,0.0,-inf,0.0,-inf
664,-117.2,-59.2,0.0,-inf,0.0,-inf,0.0,-inf
665,0.0,-inf,0.0,-inf,0.0,-inf,0.0,-inf
666,0.0,-inf,-145.1,-64.5,-145.6,-61.7,0.0,-inf
667,0.0,-inf,-172.4,-64.8,0.0,-inf,0.0,-inf
668,0.0,-inf,0.0,-inf,0.0,-inf,0.0,-inf
669,0.0,-inf,-199.9,-65.1,0.0,-inf,0.0,-inf
670,0.0,-inf,-200.1,-65.1,0.0,-inf,0.0,-inf
671,0.0,-inf,-227.4,-65.4,0.0,-inf,0.0,-inf
672,0.0,-inf,-227.8,-65.4,-228.2,-62.8,0.0,-inf
673,0.0,-inf,-255.0,-65.8,-255.5,-63.2,0.0,-inf
674,-255.0,-60.9,-255.2,-65.7,-255.9,-63.1,0.0,-inf
675,0.0,-inf,0.0,-inf,0.0,-inf,0.0,-inf
676,-282.6,-61.4,0.0,-inf,0.0,-inf,0.0,-inf
677,-309.9,-61.8,0.0,-inf,0.0,-inf,0.0,-inf
678,0.0,-inf,-311.4,-67.0,0.0,-inf,0.0,-inf
679,-337.4,-62.3,0.0,-inf,-338.1,-64.6,0.0,-inf
680,-337.6,-62.3,0.0,-inf,0.0,-inf,0.0,-inf
681,-364.9,-62.9,0.0,-inf,0.0,-inf,0.0,-inf
682,0.0,-inf,0.0,-inf,0.0,-inf,0.0,-inf
683,0.0,-inf,0.0,-inf,0.0,-inf,0.0,-inf
684,-392.8,-63.7,0.0,-inf,0.0,-inf,0.0,-inf
685,0.0,-inf,0.0,-inf,0.0,-inf,0.0,-inf
686,0.0,-inf,0.0,-inf,0.0,-inf,0.0,-inf
687,0.0,-inf,0.0,-inf,0.0,-inf,0.0,-inf
688,0.0,-inf,0.0,-inf,0.0,-inf,0.0,-inf
689,0.0,-inf,-475.4,-71.1,0.0,-inf,0.0,-inf
690,0.0,-inf,-475.6,-71.2,0.0,-inf,0.0,-inf
691,0.0,-inf,-503.9,-71.9,0.0,-inf,0.0,-inf
692,0.0,-inf,-503.1,-71.7,0.0,-inf,0.0,-inf
693,0.0,-inf,-530.4,-72.7,0.0,-inf,0.0,-inf
694,0.0,-inf,0.0,-inf,0.0,-inf,0.0,-inf
695,0.0,-inf,0.0,-inf,0.0,-inf,0.0,-inf
696,0.0,-inf,-559.2,-74.0,0.0,-inf,0.0,-inf
697,0.0,-inf,-585.5,-74.9,0.0,-inf,0.0,-inf
698,-585.6,-69.9,0.0,-inf,0.0,-inf,0.0,-inf
699,-612.9,-71.1,0.0,-inf,0.0,-inf,0.0,-inf
700,-613.1,-71.2,0.0,-inf,0.0,-inf,0.0,-inf
701,0.0,-inf,0.0,-inf,0.0,-inf,0.0,-inf
702,0.0,-inf,0.0,-inf,0.0,-inf,0.0,-inf
703,0.0,-inf,0.0,-inf,0.0,-inf,0.0,-inf
704,0.0,-inf,0.0,-inf,0.0,-inf,0.0,-inf
705,0.0,-inf,0.0,-inf,0.0,-inf,0.0,-inf
706,0.0,-inf,0.0,-inf,0.0,-inf,0.0,-inf
707,0.0,-inf,0.0,-inf,0.0,-inf,0.0,-inf
708,0.0,-inf,0.0,-inf,0.0,-inf,0.0,-inf
709,0.0,-inf,0.0,-inf,0.0,-inf,0.0,-inf
710,0.0,-inf,0.0,-inf,0.0,-inf,0.0,-inf
711,0.0,-inf,0.0,-inf,0.0,-inf,0.0,-inf
712,0.0,-inf,0.0,-inf,0.0,-inf,0.0,-inf
713,0.0,-inf,0.0,-inf,0.0,-inf,0.0,-inf
714,0.0,-inf,0.0,-inf,0.0,-inf,0.0,-inf
715,0.0,-inf,0.0,-inf,0.0,-inf,0.0,-inf
716,0.0,-inf,0.0,-inf,0.0,-inf,0.0,-inf
717,0.0,-inf,0.0,-inf,0.0,-inf,0.0,-inf
718,0.0,-inf,0.0,-inf,0.0,-inf,0.0,-inf
719,0.0,-inf,0.0,-inf,0.0,-inf,0.0,-inf
720,0.0,-inf,0.0,-inf,0.0,-inf,0.0,-inf
721,0.0,-inf,0.0,-inf,0.0,-inf,0.0,-inf
722,0.0,-inf,0.0,-inf,0.0,-inf,0.0,-inf
723,0.0,-inf,0.0,-inf,0.0,-inf,0.0,-inf
724,0.0,-inf,0.0,-inf,0.0,-inf,0.0,-inf
725,0.0,-inf,0.0,-inf,0.0,-inf,0.0,-inf
726,0.0,-inf,0.0,-inf,0.0,-inf,0.0,-inf
727,0.0,-inf,0.0,-inf,0.0,-inf,0.0,-inf
728,0.0,-inf,0.0,-inf,0.0,-inf,0.0,-inf
729,0.0,-inf,0.0,-inf,0.0,-inf,0.0,-inf
730,0.0,-inf,0.0,-inf,0.0,-inf,0.0,-inf
731,0.0,-inf,0.0,-inf,0.0,-inf,0.0,-inf
732,0.0,-inf,0.0,-inf,0.0,-inf,0.0,-inf
733,0.0,-inf,0.0,-inf,0.0,-inf,0.0,-inf
734,0.0,-inf,0.0,-inf,0.0,-inf,0.0,-inf
735,0.0,-inf,0.0,-inf,0.0,-inf,0.0,-inf
736,0.0,-inf,0.0,-inf,0.0,-inf,0.0,-inf
737,0.0,-inf,0.0,-inf,0.0,-inf,0.0,-inf
738,0.0,-inf,0.0,-inf,0.0,-inf,0.0,-inf
739,0.0,-inf,0.0,-inf,0.0,-inf,0.0,-inf
740,0.0,-inf,0.0,-inf,0.0,-inf,0.0,-inf
741,0.0,-inf,0.0,-inf,0.0,-inf,0.0,-inf
742,0.0,-inf,0.0,-inf,0.0,-inf,0.0,-inf
743,0.0,-inf,0.0,-inf,0.0,-inf,0.0,-inf
744,0.0,-inf,0.0,-inf,0.0,-inf,0.0,-inf
745,0.0,-inf,0.0,-inf,0.0,-inf,0.0,-inf
746,0.0,-inf,0.0,-inf,0.0,-inf,0.0,-inf
747,0.0,-inf,0.0,-inf,0.0,-inf,0.0,-inf
748,0.0,-inf,0.0,-inf,0.0,-inf,0.0,-inf
749,0.0,-inf,0.0,-inf,0.0,-inf,0.0,-inf
750,0.0,-inf,-20.2,-91.0,0.0,-inf,0.0,-inf
751,0.0,-inf,0.0,-inf,0.0,-inf,0.0,-inf
752,0.0,-inf,0.0,-inf,0.0,-inf,0.0,-inf
753,0.0,-inf,0.0,-inf,0.0,-inf,0.0,-inf
754,0.0,-inf,0.0,-inf,0.0,-inf,0.0,-inf
755,0.0,-inf,0.0,-inf,0.0,-inf,0.0,-inf
756,0.0,-inf,0.0,-inf,0.0,-inf,0.0,-inf
757,0.0,-inf,0.0,-inf,0.0,-inf,0.0,-inf
758,0.0,-inf,0.0,-inf,0.0,-inf,0.0,-inf
759,0.0,-inf,0.0,-inf,0.0,-inf,0.0,-inf
760,0.0,-inf,0.0,-inf,0.0,-inf,0.0,-inf
761,0.0,-inf,0.0,-inf,0.0,-inf,0.0,-inf
762,0.0,-inf,0.0,-inf,0.0,-inf,0.0,-inf
763,0.0,-inf,0.0,-inf,0.0,-inf,0.0,-inf
764,0.0,-inf,0.0,-inf,0.0,-inf,0.0,-inf
765,0.0,-inf,0.0,-inf,0.0,-inf,0.0,-inf
766,0.0,-inf,0.0,-inf,0.0,-inf,0.0,-inf
767,0.0,-inf,0.0,-inf,0.0,-inf,0.0,-inf
768,0.0,-inf,0.0,-inf,0.0,-inf,0.0,-inf
769,0.0,-inf,0.0,-inf,0.0,-inf,0.0,-inf
770,0.0,-inf,0.0,-inf,0.0,-inf,0.0,-inf
771,0.0,-inf,0.0,-inf,0.0,-inf,0.0,-inf
772,0.0,-inf,0.0,-inf,0.0,-inf,0.0,-inf
773,0.0,-inf,0.0,-inf,0.0,-inf,0.0,-inf
774,0.0,-inf,0.0,-inf,0.0,-inf,0.0,-inf
775,0.0,-inf,0.0,-inf,0.0,-inf,0.0,-inf
776,0.0,-inf,0.0,-inf,0.0,-inf,0.0,-inf
777,0.0,-inf,0.0,-inf,0.0,-inf,0.0,-inf
778,0.0,-inf,0.0,-inf,0.0,-inf,0.0,-inf
779,0.0,-inf,0.0,-inf,0.0,-inf,0.0,-inf
780,0.0,-inf,0.0,-inf,0.0,-inf,0.0,-inf
781,0.0,-inf,0.0,-inf,0.0,-inf,0.0,-inf
782,0.0,-inf,0.0,-inf,0.0,-inf,0.0,-inf
783,0.0,-inf,0.0,-inf,0.0,-inf,0.0,-inf
784,0.0,-inf,0.0,-inf,0.0,-inf,0.0,-inf
785,0.0,-inf,0.0,-inf,0.0,-inf,0.0,-inf
786,0.0,-inf,0.0,-inf,0.0,-inf,0.0,-inf
787,0.0,-inf,0.0,-inf,0.0,-inf,0.0,-inf
788,0.0,-inf,0.0,-inf,0.0,-inf,0.0,-inf
789,0.0,-inf,0.0,-inf,0.0,-inf,0.0,-inf
790,0.0,-inf,0.0,-inf,0.0,-inf,0.0,-inf
791,0.0,-inf,0.0,-inf,0.0,-inf,0.0,-inf
792,0.0,-inf,0.0,-inf,0.0,-inf,0.0,-inf
793,0.0,-inf,0.0,-inf,0.0,-inf,0.0,-inf
794,0.0,-inf,0.0,-inf,0.0,-inf,0.0,-inf
795,0.0,-inf,0.0,-inf,0.0,-inf,0.0,-inf
796,0.0,-inf,112.9,-79.4,0.0,-inf,0.0,-inf
797,0.0,-inf,0.0,-inf,0.0,-inf,0.0,-inf
798,0.0,-inf,0.0,-inf,0.0,-inf,0.0,-inf
799,0.0,-inf,0.0,-inf,0.0,-inf,0.0,-inf
800,0.0,-inf,0.0,-inf,0.0,-inf,0.0,-inf
801,0.0,-inf,0.0,-inf,0.0,-inf,0.0,-inf
802,0.0,-inf,0.0,-inf,0.0,-inf,0.0,-inf
803,0.0,-inf,0.0,-inf,0.0,-inf,0.0,-inf
804,0.0,-inf,0.0,-inf,0.0,-inf,0.0,-inf
805,0.0,-inf,0.0,-inf,0.0,-inf,0.0,-inf
806,0.0,-inf,0.0,-inf,0.0,-inf,0.0,-inf
807,0.0,-inf,0.0,-inf,0.0,-inf,0.0,-inf
808,0.0,-inf,0.0,-inf,0.0,-inf,0.0,-inf
809,0.0,-inf,0.0,-inf,0.0,-inf,0.0,-inf
810,0.0,-inf,0.0,-inf,0.0,-inf,0.0,-inf
811,0.0,-inf,0.0,-inf,0.0,-inf,0.0,-inf
812,0.0,-inf,0.0,-inf,0.0,-inf,0.0,-inf
813,0.0,-inf,0.0,-inf,0.0,-inf,0.0,-inf
814,0.0,-inf,0.0,-inf,0.0,-inf,0.0,-inf
815,0.0,-inf,0.0,-inf,0.0,-inf,0.0,-inf
816,0.0,-inf,0.0,-inf,0.0,-inf,0.0,-inf
817,0.0,-inf,0.0,-inf,0.0,-inf,0.0,-inf
818,0.0,-inf,-189.9,-82.2,0.0,-inf,0.0,-inf
819,0.0,-inf,0.0,-inf,0.0,-inf,0.0,-inf
820,0.0,-inf,-217.4,-82.2,0.0,-inf,0.0,-inf
821,0.0,-inf,0.0,-inf,0.0,-inf,0.0,-inf
822,0.0,-inf,0.0,-inf,0.0,-inf,0.0,-inf
823,0.0,-inf,0.0,-inf,0.0,-inf,0.0,-inf
824,0.0,-inf,0.0,-inf,0.0,-inf,0.0,-inf
825,0.0,-inf,0.0,-inf,0.0,-inf,0.0,-inf
826,0.0,-inf,0.0,-inf,0.0,-inf,0.0,-inf
827,0.0,-inf,0.0,-inf,0.0,-inf,0.0,-inf
828,0.0,-inf,0.0,-inf,0.0,-inf,0.0,-inf
829,0.0,-inf,0.0,-inf,0.0,-inf,0.0,-inf
830,0.0,-inf,0.0,-inf,0.0,-inf,0.0,-inf
831,0.0,-inf,0.0,-inf,0.0,-inf,0.0,-inf
832,0.0,-inf,0.0,-inf,0.0,-inf,0.0,-inf
833,0.0,-inf,0.0,-inf,0.0,-inf,0.0,-inf
834,0.0,-inf,0.0,-inf,0.0,-inf,0.0,-inf
835,0.0,-inf,0.0,-inf,0.0,-inf,0.0,-inf
836,0.0,-inf,0.0,-inf,0.0,-inf,0.0,-inf
837,0.0,-inf,0.0,-inf,0.0,-inf,0.0,-inf
838,0.0,-inf,0.0,-inf,0.0,-inf,0.0,-inf
839,0.0,-inf,0.0,-inf,0.0,-inf,0.0,-inf
840,0.0,-inf,0.0,-inf,0.0,-inf,0.0,-inf
841,0.0,-inf,0.0,-inf,0.0,-inf,0.0,-inf
842,0.0,-inf,0.0,-inf,0.0,-inf,0.0,-inf
843,0.0,-inf,0.0,-inf,0.0,-inf,0.0,-inf
844,0.0,-inf,0.0,-inf,0.0,-inf,0.0,-inf
845,0.0,-inf,0.0,-inf,0.0,-inf,0.0,-inf
846,0.0,-inf,0.0,-inf,0.0,-inf,0.0,-inf
847,0.0,-inf,0.0,-inf,0.0,-inf,0.0,-inf
848,0.0,-inf,0.0,-inf,0.0,-inf,0.0,-inf
849,0.0,-inf,0.0,-inf,0.0,-inf,0.0,-inf
850,0.0,-inf,0.0,-inf,0.0,-inf,0.0,-inf
851,0.0,-inf,0.0,-inf,0.0,-inf,0.0,-inf
852,0.0,-inf,0.0,-inf,0.0,-inf,0.0,-inf
853,0.0,-inf,0.0,-inf,0.0,-inf,0.0,-inf
854,0.0,-inf,0.0,-inf,0.0,-inf,0.0,-inf
855,0.0,-inf,0.0,-inf,0.0,-inf,0.0,-inf
856,0.0,-inf,0.0,-inf,0.0,-inf,0.0,-inf
857,0.0,-inf,0.0,-inf,0.0,-inf,0.0,-inf
858,0.0,-inf,0.0,-inf,0.0,-inf,0.0,-inf
859,0.0,-inf,0.0,-inf,0.0,-inf,0.0,-inf
860,0.0,-inf,0.0,-inf,0.0,-inf,0.0,-inf
861,0.0,-inf,0.0,-inf,0.0,-inf,0.0,-inf
862,0.0,-inf,0.0,-inf,0.0,-inf,0.0,-inf
863,0.0,-inf,0.0,-inf,0.0,-inf,0.0,-inf
864,0.0,-inf,0.0,-inf,0.0,-inf,0.0,-inf
865,0.0,-inf,0.0,-inf,0.0,-inf,0.0,-inf
866,0.0,-inf,0.0,-inf,0.0,-inf,0.0,-inf
867,0.0,-inf,0.0,-inf,0.0,-inf,0.0,-inf
868,0.0,-inf,0.0,-inf,0.0,-inf,0.0,-inf
869,0.0,-inf,0.0,-inf,0.0,-inf,0.0,-inf
870,0.0,-inf,0.0,-inf,0.0,-inf,0.0,-inf
871,0.0,-inf,0.0,-inf,0.0,-inf,0.0,-inf
872,0.0,-inf,0.0,-inf,0.0,-inf,0.0,-inf
873,0.0,-inf,0.0,-inf,0.0,-inf,0.0,-inf
874,0.0,-inf,0.0,-inf,0.0,-inf,0.0,-inf
875,0.0,-inf,0.0,-inf,0.0,-inf,0.0,-inf
876,0.0,-inf,0.0,-inf,0.0,-inf,0.0,-inf
877,0.0,-inf,0.0,-inf,0.0,-inf,0.0,-inf
878,0.0,-inf,0.0,-inf,0.0,-inf,0.0,-inf
879,0.0,-inf,0.0,-inf,0.0,-inf,0.0,-inf
880,0.0,-inf,0.0,-inf,0.0,-inf,0.0,-inf
881,0.0,-inf,0.0,-inf,0.0,-inf,0.0,-inf
882,0.0,-inf,0.0,-inf,0.0,-inf,0.0,-inf
883,0.0,-inf,0.0,-inf,0.0,-inf,0.0,-inf
884,-11.1,-58.2,-11.2,-63.1,0.0,-inf,0.0,-inf
885,-11.2,-58.4,0.0,-inf,0.0,-inf,-11.2,-64.8
886,-11.4,-58.8,0.0,-inf,0.0,-inf,0.0,-inf
887,0.0,-inf,-11.8,-63.5,0.0,-inf,0.0,-inf
888,0.0,-inf,-11.9,-63.7,-12.5,-60.9,0.0,-inf
889,-11.9,-58.7,0.0,-inf,-12.6,-60.9,0.0,-inf
890,-12.0,-58.7,-12.2,-63.6,-12.8,-60.9,0.0,-inf
891,0.0,-inf,-12.4,-63.7,0.0,-inf,0.0,-inf
892,0.0,-inf,0.0,-inf,0.0,-inf,0.0,-inf
893,-12.5,-58.7,-12.6,-63.6,-13.2,-60.8,0.0,-inf
894,-12.6,-58.6,0.0,-inf,-13.4,-61.0,0.0,-inf
895,-13.8,-58.7,-14.0,-63.8,-14.5,-61.0,0.0,-inf
896,0.0,-inf,-13.1,-63.6,0.0,-inf,0.0,-inf
897,0.0,-inf,-13.2,-63.5,0.0,-inf,0.0,-inf
898,0.0,-inf,-13.5,-63.6,0.0,-inf,0.0,-inf
899,-13.4,-58.7,0.0,-inf,0.0,-inf,0.0,-inf
900,-13.5,-58.8,-13.8,-63.7,0.0,-inf,0.0,-inf
901,0.0,-inf,-13.9,-63.4,-14.5,-60.9,0.0,-inf
902,0.0,-inf,-14.1,-63.6,0.0,-inf,0.0,-inf
903,-14.0,-58.7,-14.2,-63.7,0.0,-inf,0.0,-inf
904,-14.1,-58.7,-14.4,-63.7,-14.9,-60.9,0.0,-inf
905,-14.2,-58.8,-14.5,-63.6,-15.1,-61.0,0.0,-inf
906,0.0,-inf,-14.6,-63.6,0.0,-inf,0.0,-inf
907,-14.6,-58.7,-14.9,-63.7,-15.4,-60.9,0.0,-inf
908,0.0,-inf,-15.0,-63.6,-15.5,-60.9,0.0,-inf
909,-14.9,-58.7,-15.1,-63.5,-15.6,-61.0,0.0,-inf
910,0.0,-inf,-15.2,-63.7,-15.9,-61.0,0.0,-inf
911,-16.2,-58.8,-16.4,-63.9,0.0,-inf,0.0,-inf
912,0.0,-inf,0.0,-inf,0.0,-inf,0.0,-inf
913,-15.5,-58.5,0.0,-inf,-16.2,-61.0,0.0,-inf
914,-15.6,-58.7,-15.9,-63.7,-16.5,-61.0,0.0,-inf
915,0.0,-inf,-16.0,-63.8,-16.6,-60.8,0.0,-inf
916,0.0,-inf,-16.1,-63.5,-16.8,-60.9,0.0,-inf
917,0.0,-inf,-16.4,-63.6,0.0,-inf,0.0,-inf
918,0.0,-inf,0.0,-inf,0.0,-inf,0.0,-inf
919,-16.5,-58.7,-16.6,-63.6,-17.2,-60.9,0.0,-inf
920,-16.6,-58.5,-16.8,-63.6,-17.4,-61.0,0.0,-inf
921,-16.8,-58.7,-17.0,-63.8,0.0,-inf,0.0,-inf
922,0.0,-inf,-17.1,-63.6,-17.6,-60.8,0.0,-inf
923,-17.0,-58.6,-17.2,-63.5,-17.9,-61.0,0.0,-inf
924,-17.2,-58.7,-17.4,-63.7,-18.0,-61.0,0.0,-inf
925,-18.4,-58.7,-18.6,-63.8,-19.1,-60.9,0.0,-inf
926,0.0,-inf,-17.8,-63.5,0.0,-inf,0.0,-inf
927,-17.6,-58.7,-17.9,-63.7,-18.5,-60.9,0.0,-inf
928,-17.9,-58.7,-18.0,-63.6,0.0,-inf,0.0,-inf
929,0.0,-inf,-18.2,-63.6,-18.8,-61.0,0.0,-inf
930,-18.1,-58.7,-18.4,-63.8,-18.9,-60.9,0.0,-inf
931,0.0,-inf,-18.5,-63.4,-19.1,-60.9,0.0,-inf
932,0.0,-inf,0.0,-inf,0.0,-inf,0.0,-inf
933,0.0,-inf,0.0,-inf,-19.4,-60.9,0.0,-inf
934,-19.8,-58.6,-20.0,-63.5,-20.6,-61.0,0.0,-inf
935,-19.0,-58.7,-19.1,-63.8,-19.8,-61.0,0.0,-inf
936,0.0,-inf,-19.4,-63.5,-19.9,-60.9,0.0,-inf
937,0.0,-inf,-19.5,-63.6,0.0,-inf,0.0,-inf
938,-19.4,-58.7,-19.6,-63.7,-20.2,-60.9,0.0,-inf
939,-19.6,-58.6,0.0,-inf,-20.4,-61.0,0.0,-inf
940,-19.8,-58.6,-20.0,-63.8,-20.5,-61.0,0.0,-inf
941,-19.9,-58.8,-20.1,-63.6,0.0,-inf,0.0,-inf
942,0.0,-inf,-20.2,-63.5,0.0,-inf,0.0,-inf
943,0.0,-inf,-20.4,-63.8,0.0,-inf,0.0,-inf
944,-20.4,-58.6,-20.6,-63.5,-21.1,-61.0,0.0,-inf
945,-20.5,-58.6,-20.8,-63.8,-21.2,-61.0,0.0,-inf
946,-20.6,-58.8,-20.9,-63.6,0.0,-inf,0.0,-inf
947,0.0,-inf,-21.1,-63.6,0.0,-inf,0.0,-inf
948,0.0,-inf,-21.2,-63.7,0.0,-inf,0.0,-inf
949,-21.1,-58.6,-21.4,-63.5,-21.9,-61.0,0.0,-inf
950,-21.4,-58.6,-21.5,-63.8,-22.1,-61.0,0.0,-inf
951,-21.5,-58.9,-21.6,-63.8,0.0,-inf,0.0,-inf
952,0.0,-inf,-21.9,-63.5,0.0,-inf,0.0,-inf
953,0.0,-inf,-22.0,-63.7,-22.6,-60.9,0.0,-inf
954,-22.0,-58.7,-22.1,-63.5,-22.8,-60.9,0.0,-inf
955,-22.1,-58.6,0.1,-93.3,-22.9,-61.0,0.0,-inf
956,-22.2,-58.8,-22.5,-63.8,0.0,-inf,0.0,-inf
957,0.0,-inf,-22.6,-63.5,0.0,-inf,0.0,-inf
958,0.0,-inf,-22.8,-63.7,-23.4,-60.9,0.0,-inf
959,-22.8,-58.7,-23.0,-63.7,-23.5,-60.9,0.0,-inf
960,0.0,-inf,-23.1,-63.5,-23.6,-61.1,0.0,-inf
961,-23.0,-58.8,-23.2,-63.8,0.0,-inf,0.0,-inf
962,0.0,-inf,0.0,-inf,0.0,-inf,0.0,-inf
963,-23.4,-58.6,-23.6,-63.6,0.0,-inf,0.0,-inf
964,-23.5,-58.7,0.0,-inf,-24.2,-61.0,0.0,-inf
965,-23.6,-58.7,-23.9,-63.5,-24.5,-61.1,0.0,-inf
966,-23.9,-58.7,-24.1,-63.9,-24.6,-60.9,0.0,-inf
967,0.0,-inf,-24.2,-63.6,0.0,-inf,0.0,-inf
968,-24.1,-58.5,-24.4,-63.6,-24.9,-61.0,0.0,-inf
969,-24.4,-58.7,0.0,-inf,-25.1,-61.0,0.0,-inf
970,-24.5,-58.7,-24.8,-63.5,-25.2,-61.0,0.0,-inf
971,-25.6,-58.7,-25.9,-63.8,0.0,-inf,-25.6,-65.0
972,0.0,-inf,-19.0,-63.7,0.0,-inf,0.0,-inf
973,0.0,-inf,-19.1,-63.6,-19.8,-61.0,0.0,-inf
974,-13.1,-58.7,0.0,-inf,-13.9,-61.0,0.0,-inf
975,-13.2,-58.7,-13.5,-63.6,-14.0,-61.0,0.0,-inf
976,-8.4,-58.6,-8.6,-63.8,0.0,-inf,0.0,-inf
977,0.0,-inf,-7.8,-63.6,0.0,-inf,0.0,-inf
978,-1.8,-58.5,0.0,-inf,-2.5,-60.9,0.0,-inf
979,-1.9,-58.7,-2.1,-63.6,-2.6,-61.0,0.0,-inf
980,0.0,-inf,3.8,-63.5,3.1,-61.0,0.0,-inf
981,3.8,-58.7,3.5,-63.8,3.0,-61.0,0.0,-inf
982,0.0,-inf,9.4,-63.4,0.0,-inf,0.0,-inf
983,0.0,-inf,9.2,-63.7,0.0,-inf,0.0,-inf
984,14.2,-58.7,14.1,-63.5,13.5,-60.9,0.0,-inf
985,15.1,-58.6,14.9,-63.7,14.4,-61.0,0.0,-inf
986,21.0,-58.8,20.8,-63.6,0.0,-inf,0.0,-inf
987,0.0,-inf,20.6,-63.5,0.0,-inf,0.0,-inf
988,0.0,-inf,26.4,-63.7,25.9,-60.9,0.0,-inf
989,25.5,-58.6,25.2,-63.5,24.8,-61.0,0.0,-inf
990,0.0,-inf,32.1,-63.8,31.5,-61.0,0.0,-inf
991,32.1,-58.8,32.0,-63.5,0.0,-inf,0.0,-inf
992,0.0,-inf,37.8,-63.8,0.0,-inf,0.0,-inf
993,37.9,-58.7,37.6,-63.6,0.0,-inf,0.0,-inf
994,0.0,-inf,43.5,-63.8,42.9,-61.0,0.0,-inf
995,43.5,-58.7,43.4,-63.8,42.8,-61.0,0.0,-inf
996,0.0,-inf,49.1,-63.5,0.0,-inf,0.0,-inf
997,0.0,-inf,49.0,-63.8,0.0,-inf,0.0,-inf
998,55.0,-58.8,54.9,-63.6,0.0,-inf,0.0,-inf
999,0.0,-inf,0.0,-inf,54.1,-61.0,0.0,-inf
1000,60.8,-58.8,60.5,-63.8,60.0,-61.0,0.0,-inf
1001,0.0,-inf,60.4,-63.6,59.8,-61.0,0.0,-inf
1002,0.0,-inf,66.2,-63.9,0.0,-inf,0.0,-inf
1003,0.0,-inf,66.0,-63.6,0.0,-inf,0.0,-inf
1004,0.0,-inf,0.0,-inf,71.4,-61.1,0.0,-inf
1005,71.9,-58.8,71.8,-63.7,71.1,-61.0,0.0,-inf
1006,0.0,-inf,77.6,-63.7,77.0,-61.0,0.0,-inf
1007,0.0,-inf,77.4,-63.9,0.0,-inf,0.0,-inf
1008,83.5,-58.8,83.2,-63.7,0.0,-inf,0.0,-inf
1009,0.0,-inf,83.1,-63.8,82.5,-61.1,0.0,-inf
1010,0.0,-inf,88.9,-64.0,88.4,-61.1,0.0,-inf
1011,89.0,-58.9,88.8,-63.7,88.2,-61.2,0.0,-inf
1012,0.0,-inf,94.6,-63.8,0.0,-inf,0.0,-inf
1013,0.0,-inf,94.5,-63.9,0.0,-inf,0.0,-inf
1014,100.5,-58.9,0.0,-inf,99.8,-61.2,0.0,-inf
1015,100.4,-58.8,100.1,-64.0,99.6,-61.2,0.0,-inf
1016,106.2,-59.1,106.0,-64.0,0.0,-inf,0.0,-inf
1017,0.0,-inf,105.9,-63.7,0.0,-inf,0.0,-inf
1018,0.0,-inf,0.0,-inf,0.0,-inf,0.0,-inf
1019,111.8,-59.0,0.0,-inf,111.0,-61.4,0.0,-inf
1020,117.6,-59.0,117.4,-63.9,116.9,-61.3,0.0,-inf
1021,0.0,-inf,117.2,-64.2,116.6,-61.2,0.0,-inf
1022,123.2,-59.2,123.1,-64.0,0.0,-inf,0.0,-inf
1023,0.0,-inf,122.9,-63.9,122.4,-61.3,0.0,-inf
1024,0.0,-inf,128.8,-64.1,128.2,-61.4,0.0,-inf
1025,128.9,-59.1,128.6,-64.1,128.0,-61.4,0.0,-inf
1026,134.6,-59.2,134.5,-63.9,0.0,-inf,0.0,-inf
1027,0.0,-inf,134.2,-64.2,0.0,-inf,0.0,-inf
1028,0.0,-inf,0.0,-inf,0.0,-inf,0.0,-inf
1029,140.2,-59.2,140.0,-64.0,139.4,-61.4,0.0,-inf
1030,146.0,-59.2,145.9,-64.2,145.2,-61.5,0.0,-inf
1031,145.9,-59.3,145.6,-64.3,0.0,-inf,0.0,-inf
1032,0.0,-inf,151.5,-64.1,0.0,-inf,0.0,-inf
1033,0.0,-inf,151.4,-64.2,0.0,-inf,0.0,-inf
1034,157.4,-59.3,0.0,-inf,0.0,-inf,0.0,-inf
1035,157.2,-59.2,157.0,-64.3,156.5,-61.6,0.0,-inf
1036,163.1,-59.4,162.9,-64.2,162.4,-61.5,0.0,-inf
1037,0.0,-inf,162.8,-64.3,0.0,-inf,0.0,-inf
1038,0.0,-inf,0.0,-inf,0.0,-inf,0.0,-inf
1039,168.6,-59.3,168.5,-64.3,0.0,-inf,0.0,-inf
1040,174.5,-59.4,174.2,-64.3,0.0,-inf,0.0,-inf
1041,0.0,-inf,174.1,-64.6,173.6,-61.7,0.0,-inf
1042,0.0,-inf,0.0,-inf,0.0,-inf,0.0,-inf
1043,0.0,-inf,179.9,-64.5,179.2,-61.7,0.0,-inf
1044,0.0,-inf,0.0,-inf,185.1,-61.8,0.0,-inf
1045,0.0,-inf,184.5,-64.8,0.0,-inf,0.0,-inf
1046,191.6,-59.7,191.4,-64.6,190.8,-61.9,0.0,-inf
1047,0.0,-inf,191.2,-64.4,0.0,-inf,0.0,-inf
1048,0.0,-inf,0.0,-inf,196.5,-61.9,0.0,-inf
1049,197.1,-59.6,196.9,-64.7,0.0,-inf,0.0,-inf
1050,203.0,-59.7,202.8,-64.7,202.2,-62.0,0.0,-inf
1051,0.0,-inf,202.6,-64.6,202.0,-62.0,0.0,-inf
1052,0.0,-inf,208.5,-64.9,0.0,-inf,0.0,-inf
1053,0.0,-inf,208.2,-64.8,0.0,-inf,0.0,-inf
1054,214.4,-59.8,214.1,-64.7,213.6,-62.1,0.0,-inf
1055,0.0,-inf,214.0,-64.9,0.0,-inf,0.0,-inf
1056,220.0,-60.1,219.9,-65.0,219.2,-62.2,0.0,-inf
1057,0.0,-inf,219.8,-64.8,0.0,-inf,0.0,-inf
1058,0.0,-inf,225.5,-64.9,0.0,-inf,0.0,-inf
1059,225.6,-60.0,0.0,-inf,0.0,-inf,0.0,-inf
1060,0.0,-inf,0.0,-inf,230.6,-62.2,0.0,-inf
1061,0.0,-inf,0.0,-inf,229.5,-62.2,0.0,-inf
1062,0.0,-inf,236.9,-65.2,0.0,-inf,0.0,-inf
1063,237.0,-60.1,236.8,-65.0,0.0,-inf,0.0,-inf
1064,0.0,-inf,0.0,-inf,242.0,-62.4,0.0,-inf
1065,0.0,-inf,242.5,-65.2,0.0,-inf,0.0,-inf
1066,0.0,-inf,248.2,-65.1,247.8,-62.5,0.0,-inf
1067,0.0,-inf,248.1,-65.1,0.0,-inf,0.0,-inf
1068,0.0,-inf,254.0,-65.4,0.0,-inf,0.0,-inf
1069,254.0,-60.3,0.0,-inf,253.2,-62.6,0.0,-inf
1070,0.0,-inf,0.0,-inf,0.0,-inf,0.0,-inf
1071,259.8,-60.5,259.5,-65.5,0.0,-inf,0.0,-inf
1072,0.0,-inf,265.4,-65.3,0.0,-inf,0.0,-inf
1073,0.0,-inf,0.0,-inf,0.0,-inf,0.0,-inf
1074,271.2,-60.6,271.0,-65.7,0.0,-inf,0.0,-inf
1075,270.1,-60.6,269.9,-65.5,269.4,-62.9,0.0,-inf
1076,0.0,-inf,276.8,-65.9,0.0,-inf,0.0,-inf
1077,0.0,-inf,276.6,-65.7,0.0,-inf,0.0,-inf
1078,0.0,-inf,282.4,-65.7,0.0,-inf,0.0,-inf
1079,0.0,-inf,0.0,-inf,0.0,-inf,0.0,-inf
1080,288.4,-60.9,288.1,-65.9,0.0,-inf,0.0,-inf
1081,0.0,-inf,288.0,-65.8,287.4,-63.2,0.0,-inf
1082,0.0,-inf,293.8,-66.1,0.0,-inf,0.0,-inf
1083,0.0,-inf,293.6,-66.0,0.0,-inf,0.0,-inf
1084,298.8,-61.1,298.5,-66.0,297.9,-63.4,0.0,-inf
1085,0.0,-inf,299.4,-66.1,0.0,-inf,0.0,-inf
1086,305.4,-61.4,305.1,-66.3,0.0,-inf,0.0,-inf
1087,0.0,-inf,305.0,-66.2,0.0,-inf,0.0,-inf
1088,0.0,-inf,0.0,-inf,0.0,-inf,0.0,-inf
1089,0.0,-inf,0.0,-inf,0.0,-inf,0.0,-inf
1090,316.8,-61.4,316.6,-66.5,0.0,-inf,0.0,-inf
1091,0.0,-inf,316.4,-66.4,0.0,-inf,0.0,-inf
1092,0.0,-inf,322.2,-66.7,0.0,-inf,0.0,-inf
1093,0.0,-inf,322.1,-66.5,0.0,-inf,0.0,-inf
1094,328.1,-61.6,327.9,-66.7,0.0,-inf,0.0,-inf
1095,0.0,-inf,327.8,-66.7,0.0,-inf,0.0,-inf
1096,0.0,-inf,333.6,-66.8,0.0,-inf,0.0,-inf
1097,0.0,-inf,333.5,-66.7,0.0,-inf,0.0,-inf
1098,0.0,-inf,0.0,-inf,0.0,-inf,0.0,-inf
1099,0.0,-inf,0.0,-inf,0.0,-inf,0.0,-inf
1100,0.0,-inf,345.0,-67.1,0.0,-inf,0.0,-inf
1101,345.1,-62.2,344.9,-67.0,0.0,-inf,0.0,-inf
1102,0.0,-inf,0.0,-inf,0.0,-inf,0.0,-inf
1103,0.0,-inf,0.0,-inf,0.0,-inf,0.0,-inf
1104,0.0,-inf,0.0,-inf,0.0,-inf,0.0,-inf
1105,356.5,-62.3,356.2,-67.2,0.0,-inf,0.0,-inf
1106,362.4,-62.4,362.1,-67.3,0.0,-inf,0.0,-inf
1107,0.0,-inf,362.0,-67.2,0.0,-inf,0.0,-inf
1108,0.0,-inf,0.0,-inf,0.0,-inf,0.0,-inf
1109,0.0,-inf,0.0,-inf,0.0,-inf,0.0,-inf
1110,373.8,-62.7,373.5,-67.7,0.0,-inf,0.0,-inf
1111,373.6,-62.7,373.4,-67.6,0.0,-inf,0.0,-inf
1112,0.0,-inf,379.2,-67.7,0.0,-inf,0.0,-inf
1113,0.0,-inf,0.0,-inf,0.0,-inf,0.0,-inf
1114,0.0,-inf,0.0,-inf,0.0,-inf,0.0,-inf
1115,385.0,-62.9,384.8,-67.9,0.0,-inf,0.0,-inf
1116,390.9,-63.1,390.6,-68.0,0.0,-inf,0.0,-inf
1117,0.0,-inf,390.5,-68.0,0.0,-inf,0.0,-inf
1118,0.0,-inf,0.0,-inf,0.0,-inf,0.0,-inf
1119,0.0,-inf,0.0,-inf,0.0,-inf,0.0,-inf
1120,402.2,-63.3,402.0,-68.4,0.0,-inf,0.0,-inf
1121,401.1,-63.3,400.9,-68.2,0.0,-inf,0.0,-inf
1122,0.0,-inf,407.8,-68.4,0.0,-inf,0.0,-inf
1123,0.0,-inf,0.0,-inf,0.0,-inf,0.0,-inf
1124,0.0,-inf,0.0,-inf,0.0,-inf,0.0,-inf
1125,413.5,-63.6,413.2,-68.6,0.0,-inf,0.0,-inf
1126,0.0,-inf,418.1,-68.7,0.0,-inf,0.0,-inf
1127,0.0,-inf,419.0,-68.8,0.0,-inf,0.0,-inf
1128,0.0,-inf,0.0,-inf,0.0,-inf,0.0,-inf
1129,0.0,-inf,0.0,-inf,0.0,-inf,0.0,-inf
1130,430.8,-64.1,430.5,-69.1,0.0,-inf,0.0,-inf
1131,0.0,-inf,430.4,-69.1,0.0,-inf,0.0,-inf
1132,0.0,-inf,436.2,-69.2,0.0,-inf,0.0,-inf
1133,0.0,-inf,0.0,-inf,0.0,-inf,0.0,-inf
1134,0.0,-inf,0.0,-inf,0.0,-inf,0.0,-inf
1135,442.0,-64.3,441.8,-69.4,0.0,-inf,0.0,-inf
1136,0.0,-inf,447.6,-69.6,0.0,-inf,0.0,-inf
1137,0.0,-inf,447.5,-69.7,0.0,-inf,0.0,-inf
1138,0.0,-inf,0.0,-inf,0.0,-inf,0.0,-inf
1139,452.4,-64.7,0.0,-inf,0.0,-inf,0.0,-inf
1140,0.0,-inf,459.0,-69.7,0.0,-inf,0.0,-inf
1141,0.0,-inf,458.9,-70.0,0.0,-inf,0.0,-inf
1142,0.0,-inf,464.8,-70.2,0.0,-inf,0.0,-inf
1143,0.0,-inf,0.0,-inf,0.0,-inf,0.0,-inf
1144,470.6,-65.2,470.4,-70.3,0.0,-inf,0.0,-inf
1145,470.5,-65.2,470.2,-70.1,0.0,-inf,0.0,-inf
1146,0.0,-inf,476.1,-70.6,0.0,-inf,0.0,-inf
1147,0.0,-inf,0.0,-inf,0.0,-inf,0.0,-inf
1148,0.0,-inf,0.0,-inf,0.0,-inf,0.0,-inf
1149,481.9,-65.6,481.6,-70.6,0.0,-inf,0.0,-inf
1150,0.0,-inf,0.0,-inf,0.0,-inf,0.0,-inf
1151,0.0,-inf,487.4,-71.0,0.0,-inf,0.0,-inf
1152,0.0,-inf,0.0,-inf,0.0,-inf,0.0,-inf
1153,0.0,-inf,0.0,-inf,0.0,-inf,0.0,-inf
1154,499.1,-66.2,498.9,-71.2,0.0,-inf,0.0,-inf
1155,0.0,-inf,0.0,-inf,0.0,-inf,0.0,-inf
1156,0.0,-inf,504.6,-71.5,0.0,-inf,0.0,-inf
1157,0.0,-inf,0.0,-inf,0.0,-inf,0.0,-inf
1158,0.0,-inf,0.0,-inf,0.0,-inf,0.0,-inf
1159,510.4,-66.5,510.2,-71.6,0.0,-inf,0.0,-inf
1160,0.0,-inf,516.0,-71.6,0.0,-inf,0.0,-inf
1161,0.0,-inf,515.9,-71.8,0.0,-inf,0.0,-inf
1162,0.0,-inf,521.8,-71.9,0.0,-inf,0.0,-inf
1163,0.0,-inf,0.0,-inf,0.0,-inf,0.0,-inf
1164,0.0,-inf,0.0,-inf,0.0,-inf,0.0,-inf
1165,527.5,-67.2,527.2,-72.2,0.0,-inf,0.0,-inf
1166,0.0,-inf,533.1,-72.4,0.0,-inf,0.0,-inf
1167,0.0,-inf,0.0,-inf,0.0,-inf,0.0,-inf
1168,0.0,-inf,0.0,-inf,0.0,-inf,0.0,-inf
1169,0.0,-inf,0.0,-inf,0.0,-inf,0.0,-inf
1170,0.0,-inf,544.6,-72.9,0.0,-inf,0.0,-inf
1171,0.0,-inf,544.4,-72.7,0.0,-inf,0.0,-inf
1172,0.0,-inf,0.0,-inf,0.0,-inf,0.0,-inf
1173,0.0,-inf,0.0,-inf,0.0,-inf,0.0,-inf
1174,0.0,-inf,0.0,-inf,0.0,-inf,0.0,-inf
1175,556.0,-68.3,0.0,-inf,0.0,-inf,0.0,-inf
1176,0.0,-inf,561.6,-73.5,0.0,-inf,0.0,-inf
1177,0.0,-inf,0.0,-inf,0.0,-inf,0.0,-inf
1178,0.0,-inf,0.0,-inf,0.0,-inf,0.0,-inf
1179,0.0,-inf,0.0,-inf,0.0,-inf,0.0,-inf
1180,573.2,-68.9,0.0,-inf,0.0,-inf,0.0,-inf
1181,0.0,-inf,572.9,-74.0,0.0,-inf,0.0,-inf
1182,0.0,-inf,0.0,-inf,0.0,-inf,0.0,-inf
1183,0.0,-inf,0.0,-inf,0.0,-inf,0.0,-inf
1184,0.0,-inf,0.0,-inf,0.0,-inf,0.0,-inf
1185,0.0,-inf,0.0,-inf,0.0,-inf,0.0,-inf
1186,0.0,-inf,590.1,-74.7,0.0,-inf,0.0,-inf
1187,0.0,-inf,0.0,-inf,0.0,-inf,0.0,-inf
1188,0.0,-inf,0.0,-inf,0.0,-inf,0.0,-inf
1189,0.0,-inf,0.0,-inf,0.0,-inf,0.0,-inf
1190,0.0,-inf,0.0,-inf,0.0,-inf,0.0,-inf
1191,0.0,-inf,601.4,-75.2,0.0,-inf,0.0,-inf
1192,0.0,-inf,0.0,-inf,0.0,-inf,0.0,-inf
1193,0.0,-inf,0.0,-inf,0.0,-inf,0.0,-inf
1194,0.0,-inf,0.0,-inf,0.0,-inf,0.0,-inf
1195,612.0,-70.6,611.9,-75.6,0.0,-inf,0.0,-inf
1196,0.0,-inf,618.6,-75.9,0.0,-inf,0.0,-inf
1197,0.0,-inf,0.0,-inf,0.0,-inf,0.0,-inf
1198,0.0,-inf,0.0,-inf,0.0,-inf,0.0,-inf
1199,0.0,-inf,0.0,-inf,0.0,-inf,0.0,-inf
1200,0.0,-inf,630.1,-76.4,0.0,-inf,0.0,-inf
1201,0.0,-inf,629.9,-76.3,0.0,-inf,0.0,-inf
1202,0.0,-inf,0.0,-inf,0.0,-inf,0.0,-inf
1203,0.0,-inf,0.0,-inf,0.0,-inf,0.0,-inf
1204,0.0,-inf,0.0,-inf,0.0,-inf,0.0,-inf
1205,0.0,-inf,641.4,-77.0,0.0,-inf,0.0,-inf
1206,0.0,-inf,647.1,-77.3,0.0,-inf,0.0,-inf
1207,0.0,-inf,0.0,-inf,0.0,-inf,0.0,-inf
1208,0.0,-inf,0.0,-inf,0.0,-inf,0.0,-inf
1209,0.0,-inf,0.0,-inf,0.0,-inf,0.0,-inf
1210,0.0,-inf,658.6,-77.9,0.0,-inf,0.0,-inf
1211,0.0,-inf,0.0,-inf,0.0,-inf,0.0,-inf
1212,0.0,-inf,0.0,-inf,0.0,-inf,0.0,-inf
1213,0.0,-inf,0.0,-inf,0.0,-inf,0.0,-inf
1214,0.0,-inf,0.0,-inf,0.0,-inf,0.0,-inf
1215,0.0,-inf,0.0,-inf,0.0,-inf,0.0,-inf
1216,0.0,-inf,0.0,-inf,0.0,-inf,0.0,-inf
1217,0.0,-inf,0.0,-inf,0.0,-inf,0.0,-inf
1218,0.0,-inf,0.0,-inf,0.0,-inf,0.0,-inf
1219,681.5,-74.2,0.0,-inf,0.0,-inf,0.0,-inf
1220,0.0,-inf,0.0,-inf,0.0,-inf,0.0,-inf
1221,0.0,-inf,687.0,-79.5,0.0,-inf,0.0,-inf
1222,0.0,-inf,0.0,-inf,0.0,-inf,0.0,-inf
1223,0.0,-inf,0.0,-inf,0.0,-inf,0.0,-inf
1224,0.0,-inf,0.0,-inf,0.0,-inf,0.0,-inf
1225,0.0,-inf,0.0,-inf,0.0,-inf,0.0,-inf
1226,0.0,-inf,0.0,-inf,0.0,-inf,0.0,-inf
1227,0.0,-inf,0.0,-inf,0.0,-inf,0.0,-inf
1228,0.0,-inf,0.0,-inf,0.0,-inf,0.0,-inf
1229,0.0,-inf,0.0,-inf,0.0,-inf,0.0,-inf
1230,0.0,-inf,0.0,-inf,0.0,-inf,0.0,-inf
1231,0.0,-inf,0.0,-inf,0.0,-inf,0.0,-inf
1232,0.0,-inf,0.0,-inf,0.0,-inf,0.0,-inf
1233,0.0,-inf,0.0,-inf,0.0,-inf,0.0,-inf
1234,0.0,-inf,0.0,-inf,0.0,-inf,0.0,-inf
1235,0.0,-inf,0.0,-inf,0.0,-inf,0.0,-inf
1236,0.0,-inf,0.0,-inf,0.0,-inf,0.0,-inf
1237,0.0,-inf,0.0,-inf,0.0,-inf,0.0,-inf
1238,0.0,-inf,0.0,-inf,0.0,-inf,0.0,-inf
1239,0.0,-inf,0.0,-inf,0.0,-inf,0.0,-inf
1240,0.0,-inf,744.2,-83.0,0.0,-inf,0.0,-inf
1241,0.0,-inf,0.0,-inf,0.0,-inf,0.0,-inf
1242,0.0,-inf,0.0,-inf,0.0,-inf,0.0,-inf
1243,0.0,-inf,0.0,-inf,0.0,-inf,0.0,-inf
1244,0.0,-inf,0.0,-inf,0.0,-inf,0.0,-inf
1245,0.0,-inf,0.0,-inf,0.0,-inf,0.0,-inf
1246,0.0,-inf,0.0,-inf,0.0,-inf,0.0,-inf
1247,0.0,-inf,0.0,-inf,0.0,-inf,0.0,-inf
1248,0.0,-inf,0.0,-inf,0.0,-inf,0.0,-inf
1249,0.0,-inf,0.0,-inf,0.0,-inf,0.0,-inf
1250,0.0,-inf,0.0,-inf,0.0,-inf,0.0,-inf
1251,0.0,-inf,772.8,-85.0,0.0,-inf,0.0,-inf
1252,0.0,-inf,0.0,-inf,0.0,-inf,0.0,-inf
1253,0.0,-inf,0.0,-inf,0.0,-inf,0.0,-inf
1254,0.0,-inf,0.0,-inf,0.0,-inf,0.0,-inf
1255,0.0,-inf,0.0,-inf,0.0,-inf,0.0,-inf
1256,0.0,-inf,0.0,-inf,0.0,-inf,0.0,-inf
1257,0.0,-inf,0.0,-inf,0.0,-inf,0.0,-inf
1258,0.0,-inf,0.0,-inf,0.0,-inf,0.0,-inf
1259,0.0,-inf,0.0,-inf,0.0,-inf,0.0,-inf
1260,0.0,-inf,0.0,-inf,0.0,-inf,0.0,-inf
1261,0.0,-inf,0.0,-inf,0.0,-inf,0.0,-inf
1262,0.0,-inf,0.0,-inf,0.0,-inf,0.0,-inf
1263,0.0,-inf,0.0,-inf,0.0,-inf,0.0,-inf
1264,0.0,-inf,0.0,-inf,0.0,-inf,0.0,-inf
1265,0.0,-inf,0.0,-inf,0.0,-inf,0.0,-inf
1266,0.0,-inf,0.0,-inf,0.0,-inf,0.0,-inf
1267,0.0,-inf,0.0,-inf,0.0,-inf,0.0,-inf
1268,0.0,-inf,0.0,-inf,0.0,-inf,0.0,-inf
1269,0.0,-inf,0.0,-inf,0.0,-inf,0.0,-inf
1270,0.0,-inf,0.0,-inf,0.0,-inf,0.0,-inf
1271,0.0,-inf,0.0,-inf,0.0,-inf,0.0,-inf
1272,0.0,-inf,0.0,-inf,0.0,-inf,0.0,-inf
1273,0.0,-inf,0.0,-inf,0.0,-inf,0.0,-inf
1274,0.0,-inf,0.0,-inf,0.0,-inf,0.0,-inf
1275,0.0,-inf,0.0,-inf,0.0,-inf,0.0,-inf
1276,0.0,-inf,0.0,-inf,0.0,-inf,0.0,-inf
1277,0.0,-inf,0.0,-inf,0.0,-inf,0.0,-inf
1278,0.0,-inf,0.0,-inf,0.0,-inf,0.0,-inf
1279,0.0,-inf,0.0,-inf,0.0,-inf,0.0,-inf
1280,0.0,-inf,0.0,-inf,0.0,-inf,0.0,-inf
1281,0.0,-inf,0.0,-inf,0.0,-inf,0.0,-inf
1282,0.0,-inf,0.0,-inf,0.0,-inf,0.0,-inf
1283,0.0,-inf,0.0,-inf,0.0,-inf,0.0,-inf
1284,0.0,-inf,0.0,-inf,0.0,-inf,0.0,-inf
1285,0.0,-inf,0.0,-inf,0.0,-inf,0.0,-inf
1286,0.0,-inf,0.0,-inf,0.0,-inf,0.0,-inf
1287,0.0,-inf,0.0,-inf,0.0,-inf,0.0,-inf
1288,0.0,-inf,0.0,-inf,0.0,-inf,0.0,-inf
1289,0.0,-inf,0.0,-inf,0.0,-inf,0.0,-inf
1290,0.0,-inf,0.0,-inf,0.0,-inf,0.0,-inf
1291,0.0,-inf,0.0,-inf,0.0,-inf,0.0,-inf
1292,0.0,-inf,0.0,-inf,0.0,-inf,0.0,-inf
1293,0.0,-inf,0.0,-inf,0.0,-inf,0.0,-inf
1294,0.0,-inf,0.0,-inf,0.0,-inf,0.0,-inf
1295,0.0,-inf,0.0,-inf,0.0,-inf,0.0,-inf
1296,0.0,-inf,0.0,-inf,0.0,-inf,0.0,-inf
1297,0.0,-inf,0.0,-inf,0.0,-inf,0.0,-inf
1298,0.0,-inf,0.0,-inf,0.0,-inf,0.0,-inf
1299,0.0,-inf,0.0,-inf,0.0,-inf,0.0,-inf
1300,0.0,-inf,0.0,-inf,0.0,-inf,0.0,-inf
1301,0.0,-inf,0.0,-inf,0.0,-inf,0.0,-inf
1302,0.0,-inf,0.0,-inf,0.0,-inf,0.0,-inf
1303,0.0,-inf,0.0,-inf,0.0,-inf,0.0,-inf
1304,0.0,-inf,0.0,-inf,0.0,-inf,0.0,-inf
1305,0.0,-inf,0.0,-inf,0.0,-inf,0.0,-inf
1306,0.0,-inf,0.0,-inf,0.0,-inf,0.0,-inf
1307,0.0,-inf,-7.8,-63.1,-8.4,-60.5,-7.5,-64.6
1308,0.0,-inf,-5.9,-63.5,-6.4,-60.8,0.0,-inf
1309,-6.8,-58.7,-6.9,-63.7,0.0,-inf,0.0,-inf
1310,-3.8,-58.6,-4.0,-63.6,-4.5,-61.2,-3.8,-65.0
1311,0.0,-inf,0.0,-inf,0.0,-inf,0.0,-inf
1312,0.0,-inf,-2.1,-63.7,-2.8,-61.0,0.0,-inf
1313,-2.0,-58.8,-2.2,-63.6,-2.8,-61.1,0.0,-inf
1314,0.0,-inf,-0.2,-63.9,-0.9,-61.2,0.0,-65.2
1315,0.0,-inf,0.0,-inf,-0.9,-61.1,0.0,-inf
1316,1.8,-58.8,0.0,-inf,1.0,-60.9,0.0,-inf
1317,1.8,-58.8,0.0,-inf,1.0,-61.1,0.0,-inf
1318,0.0,-inf,3.5,-64.0,0.0,-inf,0.0,-inf
1319,0.0,-inf,0.0,-inf,0.0,-inf,0.0,-inf
1320,0.0,-inf,0.0,-inf,4.8,-61.0,0.0,-inf
1321,5.5,-58.8,0.0,-inf,4.6,-61.2,0.0,-inf
1322,0.0,-inf,7.1,-63.9,6.6,-61.1,0.0,-inf
1323,0.0,-inf,0.0,-inf,0.0,-inf,0.0,-inf
1324,9.2,-58.8,0.0,-inf,8.5,-61.0,0.0,-inf
1325,8.1,-58.8,8.0,-63.7,0.0,-inf,0.0,-inf
1326,0.0,-inf,10.9,-63.8,10.4,-61.1,0.0,-inf
1327,0.0,-inf,0.0,-inf,0.0,-inf,0.0,-inf
1328,13.0,-58.9,12.8,-63.5,12.2,-61.1,0.0,-inf
1329,12.9,-58.7,12.6,-63.9,0.0,-inf,0.0,-inf
1330,0.0,-inf,14.6,-63.5,14.1,-61.0,0.0,-inf
1331,14.8,-58.9,0.0,-inf,0.0,-inf,0.0,-inf
1332,16.8,-58.9,0.0,-inf,0.0,-inf,0.0,-inf
1333,16.6,-58.7,16.4,-63.8,15.9,-61.1,0.0,-inf
1334,0.0,-inf,18.4,-63.7,17.8,-61.1,0.0,-inf
1335,0.0,-inf,0.0,-inf,0.0,-inf,0.0,-inf
1336,0.0,-inf,0.0,-inf,0.0,-inf,0.0,-inf
1337,20.4,-58.7,20.1,-63.9,19.6,-61.2,0.0,-inf
1338,22.2,-58.7,22.1,-63.7,21.5,-61.0,0.0,-inf
1339,0.0,-inf,0.0,-inf,0.0,-inf,0.0,-inf
1340,24.1,-58.9,23.9,-63.6,23.4,-61.0,0.0,-inf
1341,24.1,-58.7,23.9,-63.9,23.2,-61.1,0.0,-inf
1342,26.0,-58.7,25.8,-63.7,25.2,-61.1,0.0,-inf
1343,0.0,-inf,0.0,-inf,0.0,-inf,0.0,-inf
1344,27.9,-58.9,27.6,-63.5,27.1,-61.1,0.0,-inf
1345,27.8,-58.8,27.6,-63.9,0.0,-inf,0.0,-inf
1346,0.0,-inf,29.5,-63.7,28.9,-61.1,0.0,-inf
1347,0.0,-inf,0.0,-inf,0.0,-inf,0.0,-inf
1348,30.5,-58.8,30.4,-63.6,29.8,-61.1,0.0,-inf
1349,31.5,-58.8,31.2,-63.6,30.8,-61.2,0.0,-inf
1350,0.0,-inf,33.2,-64.0,32.6,-61.0,0.0,-inf
1351,0.0,-inf,33.1,-63.6,0.0,-inf,0.0,-inf
1352,35.2,-58.8,0.0,-inf,0.0,-inf,0.0,-inf
1353,35.2,-58.7,35.0,-63.7,34.4,-61.2,0.0,-inf
1354,0.0,-inf,0.0,-inf,0.0,-inf,0.0,-inf
1355,0.0,-inf,0.0,-inf,36.2,-60.9,0.0,-inf
1356,39.0,-58.8,0.0,-inf,38.2,-61.1,0.0,-inf
1357,0.0,-inf,38.6,-64.1,38.1,-61.2,0.0,-inf
1358,0.0,-inf,40.6,-63.7,40.0,-61.1,0.0,-inf
1359,0.0,-inf,0.0,-inf,40.0,-61.0,0.0,-inf
1360,42.6,-58.8,42.5,-63.6,41.9,-61.2,0.0,-inf
1361,0.0,-inf,42.4,-64.0,0.0,-inf,0.0,-inf
1362,0.0,-inf,44.4,-63.7,43.8,-61.0,0.0,-inf
1363,0.0,-inf,0.0,-inf,43.8,-61.0,0.0,-inf
1364,46.4,-58.8,46.2,-63.6,45.6,-61.1,0.0,-inf
1365,46.4,-58.8,46.1,-64.1,45.6,-61.2,0.0,-inf
1366,0.0,-inf,48.1,-63.8,0.0,-inf,0.0,-inf
1367,0.0,-inf,0.0,-inf,0.0,-inf,0.0,-inf
1368,50.1,-58.8,49.9,-63.6,49.4,-61.1,0.0,-inf
1369,0.0,-inf,49.9,-64.0,49.2,-61.2,0.0,-inf
1370,0.0,-inf,0.0,-inf,0.0,-inf,0.0,-inf
1371,0.0,-inf,51.8,-63.7,51.1,-61.1,0.0,-inf
1372,53.9,-58.8,0.0,-inf,0.0,-inf,0.0,-inf
1373,53.8,-58.7,53.6,-63.6,53.0,-61.2,0.0,-inf
1374,0.0,-inf,55.5,-64.0,55.0,-61.0,0.0,-inf
1375,55.6,-58.8,55.5,-63.7,0.0,-inf,0.0,-inf
1376,57.6,-58.8,57.4,-63.9,56.9,-61.2,0.0,-inf
1377,0.0,-inf,57.4,-63.8,56.8,-61.2,0.0,-inf
1378,0.0,-inf,59.2,-64.0,58.8,-61.1,0.0,-inf
1379,0.0,-inf,0.0,-inf,58.6,-61.0,0.0,-inf
1380,61.4,-58.7,0.0,-inf,60.5,-61.1,0.0,-inf
1381,0.0,-inf,61.0,-63.9,0.0,-inf,0.0,-inf
1382,0.0,-inf,63.0,-63.9,0.0,-inf,0.0,-inf
1383,63.1,-58.9,62.9,-63.6,0.0,-inf,0.0,-inf
1384,65.0,-58.7,64.9,-63.8,64.2,-61.1,0.0,-inf
1385,0.0,-inf,63.8,-63.8,63.2,-61.3,0.0,-inf
1386,0.0,-inf,66.6,-64.0,0.0,-inf,0.0,-inf
1387,66.9,-59.0,0.0,-inf,66.0,-61.1,0.0,-inf
1388,68.8,-58.8,68.5,-64.0,68.0,-61.3,0.0,-inf
1389,0.0,-inf,68.5,-63.9,67.9,-61.3,0.0,-inf
1390,0.0,-inf,0.0,-inf,0.0,-inf,0.0,-inf
1391,70.5,-59.0,0.0,-inf,0.0,-inf,0.0,-inf
1392,72.5,-58.9,72.2,-63.9,0.0,-inf,0.0,-inf
1393,72.4,-58.8,72.1,-64.0,71.6,-61.2,0.0,-inf
1394,0.0,-inf,0.0,-inf,0.0,-inf,0.0,-inf
1395,74.2,-59.0,74.0,-63.8,73.5,-61.2,0.0,-inf
1396,76.1,-59.0,76.0,-63.7,0.0,-inf,0.0,-inf
1397,0.0,-inf,75.9,-64.1,75.4,-61.3,0.0,-inf
1398,0.0,-inf,0.0,-inf,0.0,-inf,0.0,-inf
1399,78.0,-58.9,0.0,-inf,77.1,-61.2,0.0,-inf
1400,79.9,-58.8,0.0,-inf,79.1,-61.3,0.0,-inf
1401,0.0,-inf,0.0,-inf,0.0,-inf,0.0,-inf
1402,0.0,-inf,81.5,-63.9,0.0,-inf,0.0,-inf
1403,0.0,-inf,0.0,-inf,0.0,-inf,0.0,-inf
1404,83.6,-58.9,83.4,-64.1,0.0,-inf,0.0,-inf
1405,83.5,-58.8,83.2,-63.9,82.8,-61.2,0.0,-inf
1406,0.0,-inf,0.0,-inf,84.6,-61.1,0.0,-inf
1407,85.4,-58.9,85.1,-63.8,84.6,-61.2,0.0,-inf
1408,87.2,-58.8,0.0,-inf,86.5,-61.3,0.0,-inf
1409,0.0,-inf,87.0,-64.1,0.0,-inf,0.0,-inf
1410,0.0,-inf,88.9,-63.9,0.0,-inf,0.0,-inf
1411,0.0,-inf,0.0,-inf,88.2,-61.2,0.0,-inf
1412,91.0,-58.9,90.8,-64.2,0.0,-inf,0.0,-inf
1413,0.0,-inf,90.6,-63.9,90.1,-61.3,0.0,-inf
1414,0.0,-inf,92.6,-63.8,92.0,-61.2,0.0,-inf
1415,92.8,-59.0,0.0,-inf,92.0,-61.3,0.0,-inf
1416,94.6,-58.8,94.5,-63.8,93.9,-61.3,0.0,-inf
1417,0.0,-inf,94.4,-64.1,0.0,-inf,0.0,-inf
1418,0.0,-inf,0.0,-inf,95.8,-61.1,0.0,-inf
1419,96.4,-59.0,96.2,-63.8,95.6,-61.3,0.0,-inf
1420,98.4,-59.0,98.1,-63.9,0.0,-inf,0.0,-inf
1421,0.0,-inf,0.0,-inf,0.0,-inf,0.0,-inf
1422,100.2,-59.1,0.0,-inf,0.0,-inf,0.0,-inf
1423,0.0,-inf,0.0,-inf,99.4,-61.3,0.0,-inf
1424,0.0,-inf,101.9,-64.2,101.2,-61.4,0.0,-inf
1425,0.0,-inf,101.8,-63.9,101.2,-61.3,0.0,-inf
1426,0.0,-inf,0.0,-inf,0.0,-inf,0.0,-inf
1427,103.9,-59.0,103.6,-64.0,103.0,-61.4,0.0,-inf
1428,105.8,-58.9,105.5,-63.8,105.0,-61.5,0.0,-inf
1429,0.0,-inf,0.0,-inf,0.0,-inf,0.0,-inf
1430,0.0,-inf,0.0,-inf,0.0,-inf,0.0,-inf
1431,107.5,-59.1,0.0,-inf,0.0,-inf,0.0,-inf
1432,109.4,-59.2,109.2,-64.2,0.0,-inf,0.0,-inf
1433,0.0,-inf,109.1,-64.3,0.0,-inf,0.0,-inf
1434,0.0,-inf,0.0,-inf,0.0,-inf,0.0,-inf
1435,111.2,-59.1,0.0,-inf,0.0,-inf,0.0,-inf
1436,0.0,-inf,112.9,-64.3,112.4,-61.5,0.0,-inf
1437,0.0,-inf,0.0,-inf,0.0,-inf,0.0,-inf
1438,0.0,-inf,0.0,-inf,0.0,-inf,0.0,-inf
1439,114.9,-59.0,114.6,-64.0,114.1,-61.5,0.0,-inf
1440,116.8,-59.0,116.6,-63.9,116.0,-61.5,0.0,-inf
1441,0.0,-inf,0.0,-inf,0.0,-inf,0.0,-inf
1442,118.6,-59.2,0.0,-inf,0.0,-inf,0.0,-inf
1443,0.0,-inf,0.0,-inf,117.8,-61.5,0.0,-inf
1444,0.0,-inf,120.2,-64.4,0.0,-inf,0.0,-inf
1445,0.0,-inf,120.2,-64.2,119.6,-61.4,0.0,-inf
1446,0.0,-inf,0.0,-inf,121.6,-61.4,0.0,-inf
1447,122.2,-59.0,122.1,-64.2,0.0,-inf,0.0,-inf
1448,124.2,-59.1,124.0,-64.2,123.4,-61.5,0.0,-inf
1449,0.0,-inf,0.0,-inf,0.0,-inf,0.0,-inf
1450,126.0,-59.3,0.0,-inf,125.2,-61.3,0.0,-inf
1451,126.0,-59.0,125.8,-64.0,125.2,-61.5,0.0,-inf
1452,127.9,-59.1,127.6,-64.2,0.0,-inf,0.0,-inf
1453,0.0,-inf,0.0,-inf,0.0,-inf,0.0,-inf
1454,129.8,-59.3,129.5,-64.0,129.0,-61.5,0.0,-inf
1455,129.6,-59.1,129.4,-64.1,128.9,-61.5,0.0,-inf
1456,0.0,-inf,131.4,-64.4,130.8,-61.5,0.0,-inf
1457,0.0,-inf,131.2,-64.2,130.8,-61.4,0.0,-inf
1458,0.0,-inf,0.0,-inf,0.0,-inf,0.0,-inf
1459,132.4,-59.1,132.1,-64.2,131.6,-61.6,0.0,-inf
1460,135.2,-59.1,135.0,-64.2,134.5,-61.6,0.0,-inf
1461,0.0,-inf,0.0,-inf,0.0,-inf,0.0,-inf
1462,137.1,-59.3,136.9,-64.1,136.4,-61.5,0.0,-inf
1463,137.0,-59.3,136.9,-64.1,0.0,-inf,0.0,-inf
1464,0.0,-inf,138.8,-64.4,0.0,-inf,0.0,-inf
1465,0.0,-inf,138.6,-64.3,138.1,-61.4,0.0,-inf
1466,140.9,-59.4,0.0,-inf,0.0,-inf,0.0,-inf
1467,140.8,-59.2,140.5,-64.1,0.0,-inf,0.0,-inf
1468,0.0,-inf,0.0,-inf,0.0,-inf,0.0,-inf
1469,0.0,-inf,142.4,-64.2,0.0,-inf,0.0,-inf
1470,0.0,-inf,0.0,-inf,0.0,-inf,0.0,-inf
1471,144.5,-59.2,144.2,-64.2,0.0,-inf,0.0,-inf
1472,0.0,-inf,0.0,-inf,0.0,-inf,0.0,-inf
1473,0.0,-inf,146.1,-64.2,0.0,-inf,0.0,-inf
1474,0.0,-inf,0.0,-inf,0.0,-inf,0.0,-inf
1475,147.1,-59.2,147.0,-64.2,146.4,-61.7,0.0,-inf
1476,0.0,-inf,0.0,-inf,0.0,-inf,0.0,-inf
1477,0.0,-inf,0.0,-inf,0.0,-inf,0.0,-inf
1478,152.0,-59.4,0.0,-inf,0.0,-inf,0.0,-inf
1479,151.9,-59.3,0.0,-inf,0.0,-inf,0.0,-inf
1480,0.0,-inf,0.0,-inf,0.0,-inf,0.0,-inf
1481,0.0,-inf,0.0,-inf,0.0,-inf,0.0,-inf
1482,155.8,-59.3,0.0,-inf,0.0,-inf,0.0,-inf
1483,155.6,-59.4,155.4,-64.3,0.0,-inf,0.0,-inf
1484,0.0,-inf,157.4,-64.5,156.8,-61.6,0.0,-inf
1485,0.0,-inf,0.0,-inf,0.0,-inf,0.0,-inf
1486,159.4,-59.4,0.0,-inf,158.6,-61.8,0.0,-inf
1487,159.4,-59.5,159.1,-64.4,0.0,-inf,0.0,-inf
1488,0.0,-inf,161.1,-64.5,0.0,-inf,0.0,-inf
1489,0.0,-inf,0.0,-inf,0.0,-inf,0.0,-inf
1490,163.1,-59.4,0.0,-inf,162.4,-61.8,0.0,-inf
1491,163.1,-59.5,0.0,-inf,0.0,-inf,0.0,-inf
1492,0.0,-inf,0.0,-inf,0.0,-inf,0.0,-inf
1493,0.0,-inf,0.0,-inf,0.0,-inf,0.0,-inf
1494,166.9,-59.4,166.6,-64.3,166.1,-61.9,0.0,-inf
1495,0.0,-inf,166.6,-64.6,0.0,-inf,0.0,-inf
1496,0.0,-inf,168.5,-64.5,0.0,-inf,0.0,-inf
1497,0.0,-inf,0.0,-inf,0.0,-inf,0.0,-inf
1498,169.6,-59.4,169.4,-64.3,168.9,-61.9,0.0,-inf
1499,170.5,-59.6,170.2,-64.6,0.0,-inf,0.0,-inf
1500,0.0,-inf,172.2,-64.6,0.0,-inf,0.0,-inf
1501,0.0,-inf,0.0,-inf,0.0,-inf,0.0,-inf
1502,174.2,-59.5,0.0,-inf,0.0,-inf,0.0,-inf
1503,174.2,-59.5,174.0,-64.5,173.5,-62.0,0.0,-inf
1504,0.0,-inf,0.0,-inf,0.0,-inf,0.0,-inf
1505,176.1,-59.7,0.0,-inf,175.4,-61.9,0.0,-inf
1506,178.0,-59.6,0.0,-inf,0.0,-inf,0.0,-inf
1507,178.0,-59.5,177.8,-64.5,0.0,-inf,0.0,-inf
1508,0.0,-inf,0.0,-inf,0.0,-inf,0.0,-inf
1509,179.8,-59.7,179.6,-64.4,0.0,-inf,0.0,-inf
1510,181.8,-59.7,0.0,-inf,0.0,-inf,0.0,-inf
1511,0.0,-inf,181.5,-64.7,180.9,-62.0,0.0,-inf
1512,0.0,-inf,0.0,-inf,0.0,-inf,0.0,-inf
1513,183.5,-59.7,0.0,-inf,182.8,-61.8,0.0,-inf
1514,185.5,-59.7,0.0,-inf,0.0,-inf,0.0,-inf
1515,0.0,-inf,185.1,-64.8,184.6,-62.0,0.0,-inf
1516,0.0,-inf,0.0,-inf,186.5,-62.0,0.0,-inf
1517,187.2,-59.7,0.0,-inf,186.5,-61.9,0.0,-inf
1518,189.1,-59.7,0.0,-inf,0.0,-inf,0.0,-inf
1519,0.0,-inf,188.9,-64.8,188.4,-62.0,0.0,-inf
1520,0.0,-inf,0.0,-inf,0.0,-inf,0.0,-inf
1521,191.0,-59.8,0.0,-inf,190.1,-62.0,0.0,-inf
1522,192.9,-59.7,0.0,-inf,0.0,-inf,0.0,-inf
1523,0.0,-inf,192.6,-64.8,192.0,-62.0,0.0,-inf
1524,0.0,-inf,0.0,-inf,0.0,-inf,0.0,-inf
1525,194.6,-59.8,194.5,-64.6,193.9,-62.0,0.0,-inf
1526,196.6,-59.8,196.4,-64.6,0.0,-inf,0.0,-inf
1527,0.0,-inf,196.4,-64.9,195.8,-62.0,0.0,-inf
1528,0.0,-inf,0.0,-inf,0.0,-inf,0.0,-inf
1529,198.4,-59.8,0.0,-inf,0.0,-inf,0.0,-inf
1530,200.4,-59.7,0.0,-inf,199.5,-62.3,0.0,-inf
1531,0.0,-inf,200.0,-65.1,0.0,-inf,0.0,-inf
1532,0.0,-inf,0.0,-inf,201.4,-62.0,0.0,-inf
1533,202.1,-59.9,0.0,-inf,0.0,-inf,0.0,-inf
1534,204.0,-59.8,203.9,-64.6,203.2,-62.2,0.0,-inf
1535,0.0,-inf,0.0,-inf,0.0,-inf,0.0,-inf
1536,0.0,-inf,205.6,-64.7,0.0,-inf,0.0,-inf
1537,0.0,-inf,0.0,-inf,0.0,-inf,0.0,-inf
1538,207.8,-59.8,207.5,-64.8,207.0,-62.3,0.0,-inf
1539,0.0,-inf,207.5,-65.0,0.0,-inf,0.0,-inf
1540,0.0,-inf,0.0,-inf,0.0,-inf,0.0,-inf
1541,0.0,-inf,0.0,-inf,208.8,-62.2,0.0,-inf
1542,211.5,-59.9,211.2,-65.1,210.6,-62.5,0.0,-inf
1543,0.0,-inf,211.1,-64.8,210.6,-62.2,0.0,-inf
1544,0.0,-inf,0.0,-inf,0.0,-inf,0.0,-inf
1545,213.2,-59.9,213.0,-64.7,212.5,-62.3,0.0,-inf
1546,215.1,-60.0,215.0,-64.9,0.0,-inf,0.0,-inf
1547,0.0,-inf,0.0,-inf,0.0,-inf,0.0,-inf
1548,216.0,-60.1,0.0,-inf,0.0,-inf,0.0,-inf
1549,216.9,-60.0,0.0,-inf,0.0,-inf,0.0,-inf
1550,0.0,-inf,218.6,-64.8,218.1,-62.4,0.0,-inf
1551,0.0,-inf,0.0,-inf,0.0,-inf,0.0,-inf
1552,0.0,-inf,0.0,-inf,0.0,-inf,0.0,-inf
1553,219.6,-60.1,0.0,-inf,218.9,-62.3,0.0,-inf
1554,0.0,-inf,222.4,-65.1,0.0,-inf,0.0,-inf
1555,0.0,-inf,222.2,-64.9,221.8,-62.3,0.0,-inf
1556,0.0,-inf,0.0,-inf,0.0,-inf,0.0,-inf
1557,0.0,-inf,0.0,-inf,223.6,-62.4,0.0,-inf
1558,226.2,-60.1,226.1,-65.1,0.0,-inf,0.0,-inf
1559,0.0,-inf,226.0,-65.3,0.0,-inf,0.0,-inf
1560,0.0,-inf,0.0,-inf,0.0,-inf,0.0,-inf
1561,228.0,-60.1,227.9,-65.1,0.0,-inf,0.0,-inf
1562,0.0,-inf,229.8,-64.9,229.2,-62.4,0.0,-inf
1563,0.0,-inf,229.8,-65.2,0.0,-inf,0.0,-inf
1564,0.0,-inf,231.6,-64.8,0.0,-inf,0.0,-inf
1565,231.8,-60.2,231.5,-65.0,0.0,-inf,0.0,-inf
1566,0.0,-inf,0.0,-inf,0.0,-inf,0.0,-inf
1567,0.0,-inf,233.4,-65.1,232.9,-62.5,0.0,-inf
1568,235.5,-60.3,0.0,-inf,0.0,-inf,0.0,-inf
1569,0.0,-inf,0.0,-inf,234.8,-62.5,0.0,-inf
1570,0.0,-inf,237.1,-65.4,0.0,-inf,0.0,-inf
1571,0.0,-inf,237.1,-65.3,236.5,-62.5,0.0,-inf
1572,239.2,-60.4,239.0,-65.1,0.0,-inf,0.0,-inf
1573,239.1,-60.1,239.0,-65.3,0.0,-inf,0.0,-inf
1574,241.1,-60.1,240.9,-65.2,240.4,-62.7,0.0,-inf
1575,0.0,-inf,240.8,-65.4,0.0,-inf,0.0,-inf
1576,0.0,-inf,242.8,-65.1,242.1,-62.5,0.0,-inf
1577,242.9,-60.3,0.0,-inf,0.0,-inf,0.0,-inf
1578,0.0,-inf,244.6,-65.5,0.0,-inf,0.0,-inf
1579,0.0,-inf,244.5,-65.3,0.0,-inf,0.0,-inf
1580,246.6,-60.3,246.4,-65.3,0.0,-inf,0.0,-inf
1581,246.6,-60.3,246.4,-65.1,245.8,-62.7,0.0,-inf
1582,0.0,-inf,248.2,-65.5,0.0,-inf,0.0,-inf
1583,0.0,-inf,248.2,-65.4,0.0,-inf,0.0,-inf
1584,250.4,-60.5,0.0,-inf,0.0,-inf,0.0,-inf
1585,250.2,-60.3,250.1,-65.3,249.5,-62.7,0.0,-inf
1586,252.2,-60.4,252.0,-65.5,0.0,-inf,0.0,-inf
1587,0.0,-inf,0.0,-inf,0.0,-inf,0.0,-inf
1588,0.0,-inf,0.0,-inf,0.0,-inf,0.0,-inf
1589,254.0,-60.3,253.8,-65.5,0.0,-inf,0.0,-inf
1590,0.0,-inf,255.8,-65.5,0.0,-inf,0.0,-inf
1591,0.0,-inf,0.0,-inf,0.0,-inf,0.0,-inf
1592,0.0,-inf,0.0,-inf,0.0,-inf,0.0,-inf
1593,257.8,-60.4,257.5,-65.5,0.0,-inf,0.0,-inf
1594,259.6,-60.5,259.5,-65.6,0.0,-inf,0.0,-inf
1595,0.0,-inf,259.4,-65.5,0.0,-inf,0.0,-inf
1596,0.0,-inf,0.0,-inf,0.0,-inf,0.0,-inf
1597,261.5,-60.5,261.2,-65.5,0.0,-inf,0.0,-inf
1598,0.0,-inf,0.0,-inf,0.0,-inf,0.0,-inf
1599,0.0,-inf,263.1,-65.5,0.0,-inf,0.0,-inf
1600,265.2,-60.7,0.0,-inf,0.0,-inf,0.0,-inf
1601,265.1,-60.6,0.0,-inf,0.0,-inf,0.0,-inf
1602,0.0,-inf,266.9,-65.9,0.0,-inf,0.0,-inf
1603,0.0,-inf,0.0,-inf,0.0,-inf,0.0,-inf
1604,269.0,-60.6,268.8,-65.5,0.0,-inf,0.0,-inf
1605,268.9,-60.8,268.8,-65.7,0.0,-inf,0.0,-inf
1606,0.0,-inf,270.6,-65.6,270.1,-63.0,0.0,-inf
1607,0.0,-inf,0.0,-inf,0.0,-inf,0.0,-inf
1608,272.8,-60.8,0.0,-inf,271.9,-63.1,0.0,-inf
1609,271.6,-60.7,0.0,-inf,270.9,-63.3,0.0,-inf
1610,0.0,-inf,274.4,-65.7,0.0,-inf,0.0,-inf
1611,0.0,-inf,0.0,-inf,0.0,-inf,0.0,-inf
1612,0.0,-inf,0.0,-inf,275.6,-63.2,0.0,-inf
1613,276.4,-60.7,276.1,-66.0,0.0,-inf,0.0,-inf
1614,0.0,-inf,278.1,-65.8,0.0,-inf,0.0,-inf
1615,0.0,-inf,0.0,-inf,0.0,-inf,0.0,-inf
1616,280.1,-60.9,280.0,-65.7,279.4,-63.2,0.0,-inf
1617,0.0,-inf,279.9,-66.1,0.0,-inf,0.0,-inf
1618,0.0,-inf,281.8,-65.8,0.0,-inf,0.0,-inf
1619,0.0,-inf,0.0,-inf,0.0,-inf,0.0,-inf
1620,283.9,-60.9,283.6,-65.7,283.1,-63.3,0.0,-inf
1621,283.8,-61.1,283.6,-66.1,0.0,-inf,0.0,-inf
1622,0.0,-inf,285.5,-66.0,0.0,-inf,0.0,-inf
1623,0.0,-inf,0.0,-inf,0.0,-inf,0.0,-inf
1624,287.6,-60.9,287.4,-65.9,0.0,-inf,0.0,-inf
1625,286.5,-61.0,286.2,-65.9,0.0,-inf,0.0,-inf
1626,0.0,-inf,0.0,-inf,0.0,-inf,0.0,-inf
1627,289.4,-61.2,0.0,-inf,0.0,-inf,0.0,-inf
1628,291.2,-61.1,0.0,-inf,0.0,-inf,0.0,-inf
1629,0.0,-inf,291.0,-66.1,0.0,-inf,0.0,-inf
1630,0.0,-inf,0.0,-inf,0.0,-inf,0.0,-inf
1631,0.0,-inf,0.0,-inf,0.0,-inf,0.0,-inf
1632,0.0,-inf,0.0,-inf,0.0,-inf,0.0,-inf
1633,294.9,-61.2,294.8,-66.3,0.0,-inf,0.0,-inf
1634,0.0,-inf,296.6,-66.2,0.0,-inf,0.0,-inf
1635,0.0,-inf,0.0,-inf,0.0,-inf,0.0,-inf
1636,298.8,-61.1,0.0,-inf,0.0,-inf,0.0,-inf
1637,298.6,-61.2,298.4,-66.2,0.0,-inf,0.0,-inf
1638,0.0,-inf,0.0,-inf,0.0,-inf,0.0,-inf
1639,299.5,-61.3,0.0,-inf,0.0,-inf,0.0,-inf
1640,302.4,-61.4,0.0,-inf,0.0,-inf,0.0,-inf
1641,0.0,-inf,302.1,-66.4,0.0,-inf,0.0,-inf
1642,0.0,-inf,304.0,-66.4,0.0,-inf,0.0,-inf
1643,0.0,-inf,0.0,-inf,0.0,-inf,0.0,-inf
1644,306.1,-61.3,305.9,-66.1,0.0,-inf,0.0,-inf
1645,306.0,-61.4,0.0,-inf,0.0,-inf,0.0,-inf
1646,0.0,-inf,307.8,-66.4,0.0,-inf,0.0,-inf
1647,0.0,-inf,0.0,-inf,0.0,-inf,0.0,-inf
1648,308.8,-61.4,308.6,-66.4,0.0,-inf,0.0,-inf
1649,0.0,-inf,309.5,-66.4,0.0,-inf,0.0,-inf
1650,0.0,-inf,0.0,-inf,0.0,-inf,0.0,-inf
1651,0.0,-inf,0.0,-inf,0.0,-inf,0.0,-inf
1652,313.5,-61.5,313.2,-66.4,0.0,-inf,0.0,-inf
1653,0.0,-inf,313.2,-66.7,0.0,-inf,0.0,-inf
1654,0.0,-inf,315.1,-66.6,0.0,-inf,0.0,-inf
1655,0.0,-inf,0.0,-inf,0.0,-inf,0.0,-inf
1656,317.2,-61.4,317.0,-66.5,0.0,-inf,0.0,-inf
1657,317.1,-61.6,316.9,-66.7,0.0,-inf,0.0,-inf
1658,0.0,-inf,0.0,-inf,0.0,-inf,0.0,-inf
1659,319.0,-61.7,0.0,-inf,318.2,-63.9,0.0,-inf
1660,320.9,-61.7,320.8,-66.7,0.0,-inf,0.0,-inf
1661,0.0,-inf,320.6,-66.6,0.0,-inf,0.0,-inf
1662,0.0,-inf,322.5,-66.8,0.0,-inf,0.0,-inf
1663,0.0,-inf,322.5,-66.6,0.0,-inf,0.0,-inf
1664,324.6,-61.6,0.0,-inf,0.0,-inf,0.0,-inf
1665,0.0,-inf,0.0,-inf,0.0,-inf,0.0,-inf
1666,0.0,-inf,326.2,-66.7,0.0,-inf,0.0,-inf
1667,0.0,-inf,0.0,-inf,0.0,-inf,0.0,-inf
1668,0.0,-inf,328.1,-66.8,0.0,-inf,0.0,-inf
1669,0.0,-inf,328.0,-66.8,0.0,-inf,0.0,-inf
1670,0.0,-inf,0.0,-inf,0.0,-inf,0.0,-inf
1671,330.1,-61.9,0.0,-inf,0.0,-inf,0.0,-inf
1672,332.0,-62.0,331.8,-66.9,0.0,-inf,0.0,-inf
1673,0.0,-inf,331.8,-66.9,0.0,-inf,0.0,-inf
1674,0.0,-inf,0.0,-inf,0.0,-inf,0.0,-inf
1675,333.8,-61.9,0.0,-inf,0.0,-inf,0.0,-inf
1676,335.8,-61.9,335.5,-66.8,0.0,-inf,0.0,-inf
1677,0.0,-inf,335.5,-67.1,0.0,-inf,0.0,-inf
1678,0.0,-inf,337.4,-66.9,0.0,-inf,0.0,-inf
1679,337.5,-62.0,0.0,-inf,0.0,-inf,0.0,-inf
1680,339.4,-61.9,339.2,-66.9,0.0,-inf,0.0,-inf
1681,0.0,-inf,0.0,-inf,0.0,-inf,0.0,-inf
1682,0.0,-inf,341.1,-67.0,0.0,-inf,0.0,-inf
1683,0.0,-inf,0.0,-inf,0.0,-inf,0.0,-inf
1684,343.1,-62.0,342.9,-67.1,0.0,-inf,0.0,-inf
1685,0.0,-inf,0.0,-inf,0.0,-inf,0.0,-inf
1686,0.0,-inf,0.0,-inf,0.0,-inf,0.0,-inf
1687,0.0,-inf,0.0,-inf,0.0,-inf,0.0,-inf
1688,0.0,-inf,346.6,-67.3,0.0,-inf,0.0,-inf
1689,0.0,-inf,346.6,-67.3,0.0,-inf,0.0,-inf
1690,0.0,-inf,0.0,-inf,0.0,-inf,0.0,-inf
1691,0.0,-inf,0.0,-inf,0.0,-inf,0.0,-inf
1692,0.0,-inf,350.4,-67.4,0.0,-inf,0.0,-inf
1693,0.0,-inf,350.2,-67.3,0.0,-inf,0.0,-inf
1694,352.4,-62.4,0.0,-inf,0.0,-inf,0.0,-inf
1695,352.4,-62.3,0.0,-inf,0.0,-inf,0.0,-inf
1696,0.0,-inf,354.1,-67.5,0.0,-inf,0.0,-inf
1697,0.0,-inf,354.0,-67.4,0.0,-inf,0.0,-inf
1698,0.0,-inf,0.0,-inf,0.0,-inf,0.0,-inf
1699,0.0,-inf,0.0,-inf,-inf,-inf,-inf,-inf
1700,-3.5,-58.3,0.0,-inf,-4.2,-60.5,-3.5,-64.6
1701,0.0,-inf,-3.8,-63.8,-4.4,-60.9,0.0,-inf
1702,0.0,-inf,-4.9,-63.7,0.0,-inf,0.0,-inf
1703,-3.8,-58.9,-3.9,-63.8,-4.5,-61.2,0.0,-inf
1704,-3.8,-58.7,-4.0,-63.6,-4.5,-61.1,0.0,-inf
1705,0.0,-inf,-4.1,-64.0,0.0,-inf,0.0,-inf
1706,0.0,-inf,0.0,-inf,-4.8,-61.1,0.0,-inf
1707,-4.0,-58.7,-4.2,-63.9,-4.8,-61.2,0.0,-inf
1708,0.0,-inf,-4.2,-63.8,-4.9,-61.0,0.0,-inf
1709,0.0,-inf,-4.4,-63.8,-4.9,-61.0,0.0,-inf
1710,0.0,-inf,-4.4,-63.6,-5.0,-61.2,0.0,-inf
1711,0.0,-inf,-5.5,-63.9,0.0,-inf,0.0,-inf
1712,0.0,-inf,0.0,-inf,0.0,-inf,0.0,-inf
1713,-4.4,-58.8,0.0,-inf,-5.1,-61.2,0.0,-inf
1714,-4.5,-58.7,-4.8,-63.8,-5.2,-61.2,0.0,-inf
1715,0.0,-inf,-4.8,-63.9,0.0,-inf,0.0,-inf
1716,-4.6,-58.9,-4.9,-63.6,-5.4,-61.0,0.0,-inf
1717,-4.8,-58.7,-4.9,-63.9,-5.5,-61.2,0.0,-inf
1718,0.0,-inf,-5.0,-63.8,-5.5,-61.0,0.0,-inf
1719,-4.9,-59.0,0.0,-inf,-5.6,-61.0,0.0,-inf
1720,-4.9,-58.8,-5.1,-63.6,-5.6,-61.2,0.0,-inf
1721,0.0,-inf,-5.2,-64.0,0.0,-inf,0.0,-inf
1722,0.0,-inf,-5.2,-63.7,0.0,-inf,0.0,-inf
1723,0.0,-inf,-5.4,-63.7,-5.9,-61.1,0.0,-inf
1724,-5.2,-58.7,-5.4,-63.9,-6.0,-61.1,0.0,-inf
1725,0.0,-inf,-5.5,-63.9,0.0,-inf,0.0,-inf
1726,-5.4,-58.8,-5.5,-63.8,-6.1,-61.1,0.0,-inf
1727,-5.4,-58.7,0.0,-inf,-6.2,-61.1,0.0,-inf
1728,0.0,-inf,0.0,-inf,0.0,-inf,0.0,-inf
1729,0.0,-inf,-5.8,-63.6,-6.4,-61.1,0.0,-inf
1730,-5.6,-58.7,0.0,-inf,0.0,-inf,0.0,-inf
1731,-5.8,-58.7,-5.9,-63.9,0.0,-inf,0.0,-inf
1732,0.0,-inf,-6.0,-63.7,-6.5,-61.1,0.0,-inf
1733,0.0,-inf,-6.1,-63.9,-6.6,-61.1,0.0,-inf
1734,0.0,-inf,-6.1,-63.6,-6.8,-61.0,0.0,-inf
1735,0.0,-inf,0.0,-inf,0.0,-inf,0.0,-inf
1736,0.0,-inf,0.0,-inf,-6.9,-61.2,0.0,-inf
1737,-6.1,-58.7,-6.4,-63.7,-6.9,-61.2,0.0,-inf
1738,0.0,-inf,0.0,-inf,0.0,-inf,0.0,-inf
1739,0.0,-inf,-6.5,-63.6,-7.1,-61.1,0.0,-inf
1740,-6.4,-58.7,-6.6,-63.9,0.0,-inf,0.0,-inf
1741,0.0,-inf,-6.6,-63.8,0.0,-inf,0.0,-inf
1742,0.0,-inf,-6.8,-63.6,0.0,-inf,0.0,-inf
1743,-6.6,-58.7,-6.9,-63.9,0.0,-inf,0.0,-inf
1744,-6.8,-58.6,-6.9,-63.7,-7.5,-61.1,0.0,-inf
1745,0.0,-inf,0.0,-inf,-7.5,-61.0,0.0,-inf
1746,-6.9,-58.7,-7.0,-63.8,-7.6,-61.1,0.0,-inf
1747,-6.9,-58.6,-7.1,-63.7,-7.6,-61.1,0.0,-inf
1748,0.0,-inf,0.0,-inf,0.0,-inf,0.0,-inf
1749,-7.1,-58.8,0.0,-inf,-7.9,-61.1,0.0,-inf
1750,-7.1,-58.7,-7.4,-63.6,-7.9,-61.0,0.0,-inf
1751,0.0,-inf,0.0,-inf,0.0,-inf,0.0,-inf
1752,0.0,-inf,-7.5,-63.6,-8.1,-61.2,0.0,-inf
1753,-8.4,-58.8,-8.6,-63.7,-9.1,-61.1,0.0,-inf
1754,0.0,-inf,-7.6,-64.1,0.0,-inf,0.0,-inf
1755,0.0,-inf,-7.8,-63.6,-8.2,-61.1,0.0,-inf
1756,-7.6,-58.9,-7.9,-63.7,-8.4,-61.1,0.0,-inf
1757,-7.6,-58.7,-7.9,-64.0,0.0,-inf,0.0,-inf
1758,0.0,-inf,-8.0,-63.8,-8.5,-61.1,0.0,-inf
1759,-7.9,-58.9,-8.0,-63.8,-8.6,-61.1,0.0,-inf
1760,-7.9,-58.7,-8.1,-63.9,-8.6,-61.1,0.0,-inf
1761,0.0,-inf,-9.2,-63.8,0.0,-inf,0.0,-inf
1762,-8.0,-58.9,-8.2,-63.8,0.0,-inf,0.0,-inf
1763,-8.1,-58.7,-8.4,-63.6,-8.9,-61.1,0.0,-inf
1764,0.0,-inf,-8.4,-64.0,0.0,-inf,0.0,-inf
1765,0.0,-inf,-8.5,-63.7,-9.0,-61.1,0.0,-inf
1766,-9.4,-58.7,-9.5,-63.9,0.0,-inf,0.0,-inf
1767,0.0,-inf,-8.6,-63.7,0.0,-inf,0.0,-inf
1768,0.0,-inf,0.0,-inf,0.0,-inf,0.0,-inf
1769,-8.5,-58.9,-8.8,-63.7,-9.4,-61.2,0.0,-inf
1770,0.0,-inf,-8.9,-64.0,0.0,-inf,0.0,-inf
1771,0.0,-inf,-8.9,-63.8,0.0,-inf,0.0,-inf
1772,-8.8,-58.9,-9.0,-63.8,-9.5,-61.2,0.0,-inf
1773,-8.9,-58.7,-9.0,-63.7,-9.6,-61.1,0.0,-inf
1774,0.0,-inf,-9.1,-63.9,0.0,-inf,0.0,-inf
1775,0.0,-inf,0.0,-inf,-9.8,-61.0,0.0,-inf
1776,-9.0,-58.7,-9.2,-63.8,-9.8,-61.3,0.0,-inf
1777,-9.1,-58.8,-9.2,-63.9,0.0,-inf,0.0,-inf
1778,0.0,-inf,-9.4,-63.6,-9.9,-61.1,0.0,-inf
1779,-9.2,-58.7,-9.4,-63.8,0.0,-inf,-9.1,-65.2
1780,-9.2,-58.7,-9.5,-63.7,-10.1,-61.1,0.0,-inf
1781,-9.4,-59.0,0.0,-inf,0.0,-inf,0.0,-inf
1782,-9.4,-58.9,-9.6,-63.6,-10.2,-61.0,0.0,-inf
1783,-9.5,-58.7,-9.8,-63.9,-10.2,-61.1,0.0,-inf
1784,0.0,-inf,-9.8,-63.9,0.0,-inf,0.0,-inf
1785,0.0,-inf,-9.9,-63.7,-10.4,-61.2,0.0,-inf
1786,-9.8,-58.7,-9.9,-63.9,0.0,-inf,-9.6,-65.1
1787,0.0,-inf,-10.0,-63.7,0.0,-inf,0.0,-inf
1788,0.0,-inf,0.0,-inf,-10.6,-61.0,0.0,-inf
1789,-9.9,-58.7,-10.1,-63.7,-10.6,-61.2,-9.9,-64.9
1790,0.0,-inf,-10.1,-64.0,0.0,-inf,0.0,-inf
1791,0.0,-inf,-10.2,-63.7,-10.8,-61.1,0.0,-inf
1792,-10.1,-58.7,-10.2,-63.8,-10.9,-61.1,0.0,-inf
1793,-10.1,-58.7,-10.4,-63.9,-11.0,-61.1,0.0,-inf
1794,0.0,-inf,-10.5,-63.8,0.0,-inf,0.0,-inf
1795,0.0,-inf,0.0,-inf,0.0,-inf,0.0,-inf
1796,0.0,-inf,-10.6,-63.6,-11.1,-61.1,0.0,-inf
1797,0.0,-inf,0.0,-inf,0.0,-inf,0.0,-inf
1798,0.0,-inf,-10.8,-63.7,-11.2,-61.0,0.0,-inf
1799,0.0,-inf,-10.8,-63.8,-11.4,-61.2,0.0,-inf
1800,-10.6,-58.5,-10.9,-63.5,-11.4,-60.7,-10.6,-64.7
1801,-7.8,-58.2,-7.9,-63.3,0.0,-inf,-7.6,-64.6
1802,-7.8,-58.3,-8.0,-63.2,0.0,-inf,0.0,-inf
1803,-5.9,-58.4,-6.0,-63.4,0.0,-inf,0.0,-inf
1804,0.0,-inf,0.0,-inf,0.0,-inf,0.0,-inf
1805,-4.0,-58.9,-4.1,-63.8,-4.8,-61.1,0.0,-inf
1806,0.0,-inf,-4.2,-63.5,-4.8,-61.1,0.0,-inf
1807,0.0,-inf,0.0,-inf,0.0,-inf,0.0,-inf
1808,-2.1,-58.9,-2.4,-63.6,-2.9,-61.1,0.0,-inf
1809,0.0,-inf,-0.4,-64.0,-1.0,-61.1,0.0,-inf
1810,0.0,-inf,-0.5,-63.8,-1.0,-61.0,0.0,-inf
1811,0.0,-inf,0.0,-inf,0.9,-61.1,0.0,-inf
1812,1.6,-58.7,1.4,-63.9,0.9,-61.2,0.0,-inf
1813,0.0,-inf,3.4,-64.0,0.0,-inf,0.0,-inf
1814,0.0,-inf,3.2,-63.6,0.0,-inf,0.0,-inf
1815,5.4,-58.6,5.1,-63.9,0.0,-inf,0.0,-inf
1816,5.4,-58.7,5.1,-63.8,4.6,-61.1,0.0,-inf
1817,0.0,-inf,7.0,-63.8,0.0,-inf,0.0,-inf
1818,0.0,-inf,0.0,-inf,0.0,-inf,0.0,-inf
1819,9.1,-58.7,8.9,-63.7,8.4,-61.1,0.0,-inf
1820,0.0,-inf,0.0,-inf,0.0,-inf,0.0,-inf
1821,11.0,-58.9,10.8,-63.6,10.2,-61.1,0.0,-inf
1822,9.9,-58.7,9.8,-63.8,9.1,-61.2,0.0,-inf
1823,0.0,-inf,12.6,-63.9,0.0,-inf,0.0,-inf
1824,0.0,-inf,12.6,-63.6,12.0,-61.2,0.0,-inf
1825,14.8,-58.7,0.0,-inf,0.0,-inf,0.0,-inf
1826,14.6,-58.7,14.5,-63.7,13.9,-61.1,0.0,-inf
1827,16.6,-58.9,0.0,-inf,0.0,-inf,0.0,-inf
1828,16.5,-58.9,16.4,-63.7,15.8,-61.1,0.0,-inf
1829,18.5,-58.7,18.2,-63.9,17.8,-61.1,0.0,-inf
1830,0.0,-inf,0.0,-inf,0.0,-inf,0.0,-inf
1831,0.0,-inf,20.1,-63.6,19.6,-61.2,0.0,-inf
1832,20.2,-58.7,20.1,-64.0,0.0,-inf,0.0,-inf
1833,22.2,-58.6,22.0,-63.7,21.4,-61.1,0.0,-inf
1834,22.1,-58.9,21.9,-63.8,21.4,-61.1,0.0,-inf
1835,24.1,-58.8,23.9,-63.7,23.2,-61.2,0.0,-inf
1836,0.0,-inf,23.8,-63.8,23.2,-61.0,0.0,-inf
1837,0.0,-inf,0.0,-inf,0.0,-inf,0.0,-inf
1838,24.9,-58.8,0.0,-inf,24.1,-61.2,0.0,-inf
1839,0.0,-inf,27.6,-64.0,27.0,-61.1,0.0,-inf
1840,0.0,-inf,27.5,-63.8,0.0,-inf,0.0,-inf
1841,29.6,-58.8,29.5,-63.9,28.9,-61.2,0.0,-inf
1842,29.6,-58.7,29.4,-63.7,28.9,-61.2,0.0,-inf
1843,0.0,-inf,31.4,-63.9,30.8,-61.0,0.0,-inf
1844,0.0,-inf,31.2,-63.6,30.8,-61.1,0.0,-inf
1845,33.4,-58.7,33.2,-63.9,32.6,-61.2,0.0,-inf
1846,0.0,-inf,33.1,-63.8,0.0,-inf,0.0,-inf
1847,0.0,-inf,35.0,-63.8,34.5,-61.1,0.0,-inf
1848,35.2,-58.8,35.0,-63.7,0.0,-inf,0.0,-inf
1849,0.0,-inf,36.9,-63.9,36.4,-61.1,0.0,-inf
1850,0.0,-inf,0.0,-inf,0.0,-inf,0.0,-inf
1851,39.0,-58.8,38.8,-63.8,38.2,-61.2,0.0,-inf
1852,37.9,-58.7,37.8,-63.8,37.1,-61.2,0.0,-inf
1853,0.0,-inf,40.6,-64.0,40.1,-61.1,0.0,-inf
1854,40.8,-58.9,0.0,-inf,40.0,-61.1,0.0,-inf
1855,42.6,-58.8,0.0,-inf,0.0,-inf,0.0,-inf
1856,0.0,-inf,42.4,-63.8,0.0,-inf,0.0,-inf
1857,0.0,-inf,0.0,-inf,43.8,-61.1,0.0,-inf
1858,44.5,-58.8,44.2,-63.9,43.8,-61.2,0.0,-inf
1859,0.0,-inf,46.1,-63.8,45.6,-61.1,0.0,-inf
1860,0.0,-inf,0.0,-inf,0.0,-inf,0.0,-inf
1861,47.2,-58.7,47.0,-63.9,46.5,-61.2,0.0,-inf
1862,0.0,-inf,47.9,-63.8,47.4,-61.1,0.0,-inf
1863,0.0,-inf,0.0,-inf,49.2,-61.1,0.0,-inf
1864,0.0,-inf,0.0,-inf,49.2,-61.2,0.0,-inf
1865,51.9,-58.8,51.8,-63.7,51.1,-61.2,0.0,-inf
1866,0.0,-inf,0.0,-inf,0.0,-inf,0.0,-inf
1867,0.0,-inf,53.5,-63.9,53.0,-61.2,0.0,-inf
1868,53.8,-58.8,53.5,-63.6,52.9,-61.2,0.0,-inf
1869,0.0,-inf,55.4,-64.1,0.0,-inf,0.0,-inf
1870,0.0,-inf,55.4,-63.9,54.8,-61.2,0.0,-inf
1871,57.5,-58.9,57.2,-63.6,56.6,-61.3,0.0,-inf
1872,57.4,-58.8,0.0,-inf,0.0,-inf,0.0,-inf
1873,0.0,-inf,0.0,-inf,58.5,-61.1,0.0,-inf
1874,59.2,-59.0,59.0,-63.7,58.5,-61.2,0.0,-inf
1875,61.1,-58.8,60.9,-64.1,0.0,-inf,0.0,-inf
1876,0.0,-inf,60.9,-63.9,60.2,-61.1,0.0,-inf
1877,63.0,-59.0,0.0,-inf,62.2,-61.2,0.0,-inf
1878,62.9,-58.8,62.8,-64.0,0.0,-inf,0.0,-inf
1879,0.0,-inf,64.6,-64.0,0.0,-inf,0.0,-inf
1880,0.0,-inf,64.5,-63.8,64.0,-61.3,0.0,-inf
1881,66.6,-58.8,66.5,-63.8,0.0,-inf,0.0,-inf
1882,0.0,-inf,66.4,-64.1,0.0,-inf,0.0,-inf
1883,0.0,-inf,68.2,-63.8,0.0,-inf,0.0,-inf
1884,68.5,-58.9,0.0,-inf,0.0,-inf,0.0,-inf
1885,0.0,-inf,0.0,-inf,0.0,-inf,0.0,-inf
1886,0.0,-inf,70.1,-63.8,69.5,-61.2,0.0,-inf
1887,0.0,-inf,0.0,-inf,0.0,-inf,0.0,-inf
1888,72.1,-58.8,71.9,-64.2,71.4,-61.2,0.0,-inf
1889,0.0,-inf,73.9,-63.9,0.0,-inf,0.0,-inf
1890,0.0,-inf,0.0,-inf,0.0,-inf,0.0,-inf
1891,0.0,-inf,75.8,-64.1,75.1,-61.3,0.0,-inf
1892,0.0,-inf,75.6,-63.9,75.0,-61.2,0.0,-inf
1893,0.0,-inf,0.0,-inf,77.0,-61.1,0.0,-inf
1894,0.0,-inf,77.5,-64.0,76.9,-61.4,0.0,-inf
1895,79.6,-58.8,79.4,-63.9,0.0,-inf,0.0,-inf
1896,0.0,-inf,0.0,-inf,0.0,-inf,0.0,-inf
1897,81.4,-58.9,81.2,-64.0,80.6,-61.3,0.0,-inf
1898,80.4,-58.8,80.1,-63.9,79.6,-61.3,0.0,-inf
1899,0.0,-inf,0.0,-inf,0.0,-inf,0.0,-inf
1900,0.0,-inf,83.0,-63.9,82.4,-61.4,0.0,-inf
1901,85.1,-58.9,84.9,-63.8,84.4,-61.3,0.0,-inf
1902,0.0,-inf,0.0,-inf,0.0,-inf,0.0,-inf
1903,0.0,-inf,85.8,-63.9,85.2,-61.4,0.0,-inf
1904,86.9,-58.9,86.6,-63.9,86.1,-61.4,0.0,-inf
1905,0.0,-inf,88.6,-64.1,0.0,-inf,0.0,-inf
1906,0.0,-inf,88.5,-64.0,88.0,-61.3,0.0,-inf
1907,90.6,-59.0,0.0,-inf,89.9,-61.4,0.0,-inf
1908,0.0,-inf,90.4,-64.1,0.0,-inf,0.0,-inf
1909,0.0,-inf,92.2,-64.1,0.0,-inf,0.0,-inf
1910,92.4,-59.1,92.2,-63.9,91.6,-61.4,0.0,-inf
1911,93.4,-58.9,93.1,-64.1,0.0,-inf,0.0,-inf
1912,0.0,-inf,94.0,-64.2,93.5,-61.2,0.0,-inf
1913,96.1,-59.1,96.0,-63.9,95.4,-61.4,0.0,-inf
1914,96.1,-58.9,95.9,-64.1,0.0,-inf,96.1,-65.3
1915,0.0,-inf,97.9,-64.3,0.0,-inf,0.0,-inf
1916,0.0,-inf,96.8,-63.9,96.1,-61.4,0.0,-inf
1917,99.9,-59.0,99.6,-64.2,0.0,-inf,0.0,-inf
1918,0.0,-inf,99.6,-64.1,99.0,-61.3,0.0,-inf
1919,0.0,-inf,0.0,-inf,101.0,-61.3,0.0,-inf
1920,101.6,-59.0,101.5,-64.1,100.9,-61.4,0.0,-inf
1921,103.6,-58.9,0.0,-inf,102.8,-61.4,0.0,-inf
1922,0.0,-inf,0.0,-inf,0.0,-inf,0.0,-inf
1923,0.0,-inf,105.2,-63.9,104.6,-61.4,0.0,-inf
1924,105.4,-59.0,105.1,-64.1,0.0,-inf,0.0,-inf
1925,0.0,-inf,107.1,-64.3,0.0,-inf,0.0,-inf
1926,107.2,-59.2,0.0,-inf,106.5,-61.4,0.0,-inf
1927,0.0,-inf,108.9,-64.3,108.4,-61.4,0.0,-inf
1928,0.0,-inf,108.9,-64.0,108.2,-61.4,0.0,-inf
1929,0.0,-inf,0.0,-inf,0.0,-inf,0.0,-inf
1930,110.9,-59.0,0.0,-inf,110.1,-61.5,0.0,-inf
1931,112.9,-59.0,112.6,-64.1,0.0,-inf,0.0,-inf
1932,0.0,-inf,0.0,-inf,0.0,-inf,0.0,-inf
1933,114.8,-59.2,114.5,-64.0,113.9,-61.5,0.0,-inf
1934,114.6,-59.0,114.4,-64.3,0.0,-inf,0.0,-inf
1935,0.0,-inf,116.4,-64.2,115.8,-61.3,0.0,-inf
1936,0.0,-inf,116.2,-63.9,115.8,-61.6,0.0,-inf
1937,118.4,-59.1,118.1,-64.4,0.0,-inf,0.0,-inf
1938,118.4,-59.0,118.1,-64.1,0.0,-inf,0.0,-inf
1939,0.0,-inf,0.0,-inf,119.5,-61.4,0.0,-inf
1940,120.1,-59.1,120.0,-64.3,119.4,-61.5,0.0,-inf
1941,122.1,-59.0,121.9,-64.1,121.4,-61.5,0.0,-inf
1942,122.0,-59.4,0.0,-inf,0.0,-inf,0.0,-inf
1943,0.0,-inf,123.8,-64.0,123.1,-61.6,0.0,-inf
1944,123.9,-59.1,123.6,-64.3,0.0,-inf,0.0,-inf
1945,0.0,-inf,125.6,-64.3,0.0,-inf,0.0,-inf
1946,125.8,-59.3,125.5,-64.0,125.0,-61.5,0.0,-inf
1947,127.6,-59.2,127.4,-64.5,0.0,-inf,0.0,-inf
1948,0.0,-inf,127.4,-64.2,0.0,-inf,0.0,-inf
1949,0.0,-inf,0.0,-inf,128.8,-61.5,0.0,-inf
1950,0.0,-inf,129.2,-64.4,128.6,-61.6,0.0,-inf
1951,0.0,-inf,131.1,-64.1,130.6,-61.6,0.0,-inf
1952,0.0,-inf,0.0,-inf,130.5,-61.5,0.0,-inf
1953,0.0,-inf,133.0,-64.2,132.4,-61.6,0.0,-inf
1954,133.1,-59.1,132.9,-64.3,0.0,-inf,0.0,-inf
1955,0.0,-inf,134.9,-64.4,0.0,-inf,0.0,-inf
1956,135.0,-59.4,134.8,-64.1,134.2,-61.6,0.0,-inf
1957,136.9,-59.2,136.6,-64.4,0.0,-inf,0.0,-inf
1958,0.0,-inf,136.6,-64.3,136.0,-61.4,0.0,-inf
1959,0.0,-inf,0.0,-inf,138.0,-61.6,0.0,-inf
1960,0.0,-inf,138.5,-64.5,137.9,-61.6,0.0,-inf
1961,0.0,-inf,140.4,-64.2,139.9,-61.6,0.0,-inf
1962,140.5,-59.5,0.0,-inf,0.0,-inf,0.0,-inf
1963,142.5,-59.3,0.0,-inf,141.6,-61.7,0.0,-inf
1964,142.4,-59.2,142.1,-64.4,0.0,-inf,0.0,-inf
1965,0.0,-inf,0.0,-inf,143.5,-61.5,0.0,-inf
1966,0.0,-inf,144.0,-64.1,143.5,-61.7,0.0,-inf
1967,0.0,-inf,146.0,-64.5,145.4,-61.6,0.0,-inf
1968,0.0,-inf,145.9,-64.3,0.0,-inf,0.0,-inf
1969,148.0,-59.4,147.8,-64.3,0.0,-inf,0.0,-inf
1970,147.9,-59.3,147.8,-64.2,147.1,-61.6,0.0,-inf
1971,0.0,-inf,0.0,-inf,0.0,-inf,0.0,-inf
1972,0.0,-inf,148.6,-64.3,148.0,-61.7,0.0,-inf
1973,151.8,-59.3,151.5,-64.4,0.0,-inf,0.0,-inf
1974,0.0,-inf,151.5,-64.4,0.0,-inf,0.0,-inf
1975,0.0,-inf,0.0,-inf,152.9,-61.7,0.0,-inf
1976,153.5,-59.3,153.2,-64.3,152.8,-61.8,0.0,-inf
1977,155.5,-59.4,155.2,-64.5,0.0,-inf,0.0,-inf
1978,0.0,-inf,155.1,-64.4,0.0,-inf,0.0,-inf
1979,157.2,-59.4,0.0,-inf,0.0,-inf,0.0,-inf
1980,157.2,-59.3,157.0,-64.3,156.5,-61.7,0.0,-inf
1981,0.0,-inf,0.0,-inf,0.0,-inf,0.0,-inf
1982,0.0,-inf,0.0,-inf,158.4,-61.7,0.0,-inf
1983,161.0,-59.3,160.9,-64.7,0.0,-inf,0.0,-inf
1984,161.0,-59.3,160.8,-64.4,0.0,-inf,0.0,-inf
1985,162.9,-59.6,0.0,-inf,0.0,-inf,0.0,-inf
1986,162.9,-59.4,162.6,-64.4,162.0,-61.8,0.0,-inf
1987,0.0,-inf,164.5,-64.7,0.0,-inf,0.0,-inf
1988,0.0,-inf,163.5,-64.4,162.9,-61.8,0.0,-inf
1989,166.6,-59.5,166.4,-64.5,0.0,-inf,0.0,-inf
1990,0.0,-inf,166.4,-64.5,0.0,-inf,0.0,-inf
1991,0.0,-inf,0.0,-inf,0.0,-inf,0.0,-inf
1992,0.0,-inf,168.1,-64.5,167.6,-61.9,0.0,-inf
1993,170.2,-59.5,170.1,-64.5,169.5,-61.9,0.0,-inf
1994,0.0,-inf,170.0,-64.7,0.0,-inf,0.0,-inf
1995,172.1,-59.6,172.0,-64.4,171.4,-61.9,0.0,-inf
1996,0.0,-inf,171.9,-64.7,0.0,-inf,0.0,-inf
1997,0.0,-inf,137.9,-64.3,137.2,-61.5,0.0,-inf
1998,0.0,-inf,0.0,-inf,0.0,-inf,0.0,-inf
1999,103.9,-59.0,103.6,-64.0,103.1,-61.5,0.0,-inf
2000,0.0,-inf,103.6,-64.2,0.0,-inf,0.0,-inf
2001,0.0,-inf,0.0,-inf,69.0,-61.2,0.0,-inf
2002,68.6,-59.0,68.5,-63.8,67.9,-61.3,0.0,-inf
2003,0.0,-inf,35.4,-64.0,34.9,-61.1,0.0,-inf
2004,0.0,-inf,35.2,-63.8,0.0,-inf,0.0,-inf
2005,1.4,-58.9,1.2,-63.8,0.0,-inf,0.0,-inf
2006,1.4,-58.6,1.1,-63.7,0.6,-61.1,0.0,-inf
2007,0.0,-inf,0.0,-inf,-33.5,-61.0,0.0,-inf
2008,0.0,-inf,-33.0,-63.6,-33.5,-61.2,0.0,-inf
2009,-66.9,-58.9,-67.1,-64.0,-67.6,-61.3,0.0,-inf
2010,0.0,-inf,-67.1,-64.2,-67.8,-61.2,0.0,-inf
2011,0.0,-inf,0.0,-inf,-102.8,-61.5,0.0,-inf
2012,-101.1,-59.2,-101.2,-64.2,0.0,-inf,0.0,-inf
2013,0.0,-inf,-135.4,-64.5,0.0,-inf,0.0,-inf
2014,0.0,-inf,-135.5,-64.6,-136.0,-61.7,0.0,-inf
2015,-169.2,-59.8,0.0,-inf,0.0,-inf,0.0,-inf
2016,0.0,-inf,-169.6,-64.8,-170.1,-62.1,0.0,-inf
2017,0.0,-inf,-203.6,-65.4,0.0,-inf,0.0,-inf
2018,-203.5,-60.4,-203.8,-65.1,0.0,-inf,0.0,-inf
2019,-237.6,-60.6,-237.9,-65.7,-238.4,-63.0,0.0,-inf
2020,0.0,-inf,0.0,-inf,0.0,-inf,0.0,-inf
2021,0.0,-inf,0.0,-inf,0.0,-inf,0.0,-inf
2022,-271.9,-61.2,-272.1,-66.3,0.0,-inf,0.0,-inf
2023,0.0,-inf,-306.1,-67.0,0.0,-inf,0.0,-inf
2024,0.0,-inf,0.0,-inf,0.0,-inf,0.0,-inf
2025,0.0,-inf,0.0,-inf,0.0,-inf,0.0,-inf
2026,0.0,-inf,-340.4,-67.7,0.0,-inf,0.0,-inf
2027,0.0,-inf,0.0,-inf,0.0,-inf,0.0,-inf
2028,0.0,-inf,0.0,-inf,0.0,-inf,0.0,-inf
2029,0.0,-inf,-408.6,-69.1,0.0,-inf,0.0,-inf
2030,0.0,-inf,-408.8,-69.5,0.0,-inf,0.0,-inf
2031,0.0,-inf,0.0,-inf,0.0,-inf,0.0,-inf
2032,0.0,-inf,-442.9,-70.0,0.0,-inf,0.0,-inf
2033,0.0,-inf,-476.9,-71.4,0.0,-inf,0.0,-inf
2034,0.0,-inf,0.0,-inf,0.0,-inf,0.0,-inf
2035,-510.9,-67.0,0.0,-inf,0.0,-inf,0.0,-inf
2036,0.0,-inf,-511.1,-72.3,0.0,-inf,0.0,-inf
2037,0.0,-inf,0.0,-inf,0.0,-inf,0.0,-inf
2038,0.0,-inf,0.0,-inf,0.0,-inf,0.0,-inf
2039,0.0,-inf,0.0,-inf,0.0,-inf,0.0,-inf
2040,0.0,-inf,-579.5,-75.0,0.0,-inf,0.0,-inf
2041,0.0,-inf,0.0,-inf,0.0,-inf,0.0,-inf
2042,-613.5,-71.2,0.0,-inf,0.0,-inf,0.0,-inf
2043,0.0,-inf,-647.8,-77.8,0.0,-inf,0.0,-inf
2044,0.0,-inf,0.0,-inf,0.0,-inf,0.0,-inf
2045,0.0,-inf,0.0,-inf,0.0,-inf,0.0,-inf
2046,0.0,-inf,0.0,-inf,0.0,-inf,0.0,-inf
2047,0.0,-inf,0.0,-inf,0.0,-inf,0.0,-inf
2048,0.0,-inf,0.0,-inf,0.0,-inf,0.0,-inf
2049,0.0,-inf,0.0,-inf,0.0,-inf,0.0,-inf
2050,0.0,-inf,0.0,-inf,0.0,-inf,0.0,-inf
2051,0.0,-inf,0.0,-inf,0.0,-inf,0.0,-inf
2052,0.0,-inf,0.0,-inf,0.0,-inf,0.0,-inf
2053,0.0,-inf,0.0,-inf,0.0,-inf,0.0,-inf
2054,0.0,-inf,0.0,-inf,0.0,-inf,0.0,-inf
2055,0.0,-inf,0.0,-inf,0.0,-inf,0.0,-inf
2056,0.0,-inf,0.0,-inf,0.0,-inf,0.0,-inf
2057,0.0,-inf,0.0,-inf,0.0,-inf,0.0,-inf
2058,0.0,-inf,0.0,-inf,0.0,-inf,0.0,-inf
2059,0.0,-inf,0.0,-inf,0.0,-inf,0.0,-inf
2060,0.0,-inf,0.0,-inf,0.0,-inf,0.0,-inf
2061,0.0,-inf,0.0,-inf,0.0,-inf,0.0,-inf
2062,0.0,-inf,0.0,-inf,0.0,-inf,0.0,-inf
2063,0.0,-inf,0.0,-inf,0.0,-inf,0.0,-inf
2064,0.0,-inf,0.0,-inf,0.0,-inf,0.0,-inf
2065,0.0,-inf,0.0,-inf,0.0,-inf,0.0,-inf
2066,0.0,-inf,1.1,-88.6,0.0,-inf,0.0,-inf
2067,0.0,-inf,0.0,-inf,0.0,-inf,0.0,-inf
2068,0.0,-inf,0.0,-inf,0.0,-inf,0.0,-inf
2069,0.0,-inf,-67.9,-87.2,0.0,-inf,0.0,-inf
2070,0.0,-inf,0.0,-inf,0.0,-inf,0.0,-inf
2071,0.0,-inf,0.0,-inf,0.0,-inf,0.0,-inf
2072,0.0,-inf,0.0,-inf,0.0,-inf,0.0,-inf
2073,0.0,-inf,0.0,-inf,0.0,-inf,0.0,-inf
2074,0.0,-inf,0.0,-inf,0.0,-inf,0.0,-inf
2075,0.0,-inf,0.0,-inf,0.0,-inf,0.0,-inf
2076,0.0,-inf,0.0,-inf,0.0,-inf,0.0,-inf
2077,0.0,-inf,0.0,-inf,0.0,-inf,0.0,-inf
2078,0.0,-inf,0.0,-inf,0.0,-inf,0.0,-inf
2079,0.0,-inf,0.0,-inf,0.0,-inf,0.0,-inf
2080,0.0,-inf,0.0,-inf,0.0,-inf,0.0,-inf
2081,0.0,-inf,0.0,-inf,0.0,-inf,0.0,-inf
2082,0.0,-inf,0.0,-inf,0.0,-inf,0.0,-inf
2083,0.0,-inf,0.0,-inf,0.0,-inf,0.0,-inf
2084,0.0,-inf,0.0,-inf,0.0,-inf,0.0,-inf
2085,0.0,-inf,0.0,-inf,0.0,-inf,0.0,-inf
2086,0.0,-inf,0.0,-inf,0.0,-inf,0.0,-inf
2087,0.0,-inf,0.0,-inf,0.0,-inf,0.0,-inf
2088,0.0,-inf,0.0,-inf,0.0,-inf,0.0,-inf
2089,0.0,-inf,0.0,-inf,0.0,-inf,0.0,-inf
2090,0.0,-inf,0.0,-inf,0.0,-inf,0.0,-inf
2091,0.0,-inf,0.0,-inf,0.0,-inf,0.0,-inf
2092,0.0,-inf,68.1,-87.3,0.0,-inf,0.0,-inf
2093,0.0,-inf,0.0,-inf,0.0,-inf,0.0,-inf
2094,0.0,-inf,0.0,-inf,0.0,-inf,0.0,-inf
2095,0.0,-inf,0.0,-inf,0.0,-inf,0.0,-inf
2096,0.0,-inf,0.0,-inf,0.0,-inf,0.0,-inf
2097,0.0,-inf,0.0,-inf,0.0,-inf,0.0,-inf
2098,0.0,-inf,0.0,-inf,0.0,-inf,0.0,-inf
2099,0.0,-inf,0.0,-inf,0.0,-inf,0.0,-inf
2100,0.0,-inf,0.0,-inf,0.0,-inf,0.0,-inf
2101,0.0,-inf,0.0,-inf,0.0,-inf,0.0,-inf
2102,0.0,-inf,409.4,-83.6,0.0,-inf,0.0,-inf
2103,0.0,-inf,0.0,-inf,0.0,-inf,0.0,-inf
2104,0.0,-inf,0.0,-inf,0.0,-inf,0.0,-inf
2105,0.0,-inf,341.1,-82.7,0.0,-inf,0.0,-inf
2106,0.0,-inf,0.0,-inf,0.0,-inf,0.0,-inf
2107,0.0,-inf,0.0,-inf,0.0,-inf,0.0,-inf
2108,0.0,-inf,0.0,-inf,0.0,-inf,0.0,-inf
2109,0.0,-inf,0.0,-inf,0.0,-inf,0.0,-inf
2110,0.0,-inf,0.0,-inf,0.0,-inf,0.0,-inf
2111,238.9,-75.7,0.0,-inf,0.0,-inf,0.0,-inf
2112,0.0,-inf,0.0,-inf,0.0,-inf,0.0,-inf
2113,0.0,-inf,0.0,-inf,0.0,-inf,0.0,-inf
2114,0.0,-inf,0.0,-inf,0.0,-inf,0.0,-inf
2115,0.0,-inf,0.0,-inf,0.0,-inf,0.0,-inf
2116,0.0,-inf,0.0,-inf,0.0,-inf,0.0,-inf
2117,0.0,-inf,0.0,-inf,0.0,-inf,0.0,-inf
2118,0.0,-inf,0.0,-inf,0.0,-inf,0.0,-inf
2119,0.0,-inf,0.0,-inf,0.0,-inf,0.0,-inf
2120,0.0,-inf,0.0,-inf,0.0,-inf,0.0,-inf
2121,68.1,-74.8,0.0,-inf,0.0,-inf,0.0,-inf
2122,0.0,-inf,0.0,-inf,0.0,-inf,0.0,-inf
2123,0.0,-inf,0.0,-inf,0.0,-inf,0.0,-inf
2124,0.0,-inf,0.0,-inf,0.0,-inf,0.0,-inf
2125,0.0,-inf,0.0,-inf,0.0,-inf,0.0,-inf
2126,0.0,-inf,0.0,-inf,0.0,-inf,0.0,-inf
2127,0.0,-inf,0.0,-inf,0.0,-inf,0.0,-inf
2128,0.0,-inf,-34.8,-80.4,0.0,-inf,0.0,-inf
2129,0.0,-inf,0.0,-inf,0.0,-inf,0.0,-inf
2130,0.0,-inf,0.0,-inf,0.0,-inf,0.0,-inf
2131,0.0,-inf,0.0,-inf,0.0,-inf,0.0,-inf
2132,0.0,-inf,0.0,-inf,0.0,-inf,0.0,-inf
2133,0.0,-inf,0.0,-inf,0.0,-inf,0.0,-inf
2134,0.0,-inf,0.0,-inf,0.0,-inf,0.0,-inf
2135,0.0,-inf,0.0,-inf,0.0,-inf,0.0,-inf
2136,0.0,-inf,0.0,-inf,0.0,-inf,0.0,-inf
2137,-205.2,-77.0,0.0,-inf,0.0,-inf,0.0,-inf
2138,0.0,-inf,0.0,-inf,0.0,-inf,0.0,-inf
2139,0.0,-inf,0.0,-inf,0.0,-inf,0.0,-inf
2140,0.0,-inf,0.0,-inf,0.0,-inf,0.0,-inf
2141,0.0,-inf,0.0,-inf,0.0,-inf,0.0,-inf
2142,0.0,-inf,0.0,-inf,0.0,-inf,0.0,-inf
2143,0.0,-inf,0.0,-inf,0.0,-inf,0.0,-inf
2144,0.0,-inf,0.0,-inf,0.0,-inf,0.0,-inf
2145,0.0,-inf,0.0,-inf,0.0,-inf,0.0,-inf
2146,0.0,-inf,0.0,-inf,0.0,-inf,0.0,-inf
2147,0.0,-inf,0.0,-inf,0.0,-inf,0.0,-inf
2148,0.0,-inf,0.0,-inf,0.0,-inf,0.0,-inf
2149,0.0,-inf,0.0,-inf,0.0,-inf,0.0,-inf
2150,0.0,-inf,0.0,-inf,0.0,-inf,0.0,-inf
2151,0.0,-inf,0.0,-inf,0.0,-inf,0.0,-inf
2152,0.0,-inf,0.0,-inf,0.0,-inf,0.0,-inf
2153,0.0,-inf,0.0,-inf,0.0,-inf,0.0,-inf
2154,0.0,-inf,0.0,-inf,0.0,-inf,0.0,-inf
2155,0.0,-inf,0.0,-inf,0.0,-inf,0.0,-inf
2156,0.0,-inf,0.0,-inf,0.0,-inf,0.0,-inf
2157,0.0,-inf,0.0,-inf,0.0,-inf,0.0,-inf
2158,0.0,-inf,0.0,-inf,0.0,-inf,0.0,-inf
2159,0.0,-inf,0.0,-inf,0.0,-inf,0.0,-inf
2160,0.0,-inf,0.0,-inf,0.0,-inf,0.0,-inf
2161,0.0,-inf,0.0,-inf,0.0,-inf,0.0,-inf
2162,0.0,-inf,0.0,-inf,0.0,-inf,0.0,-inf
2163,0.0,-inf,0.0,-inf,0.0,-inf,0.0,-inf
2164,0.0,-inf,0.0,-inf,0.0,-inf,0.0,-inf
2165,0.0,-inf,0.0,-inf,0.0,-inf,0.0,-inf
2166,0.0,-inf,0.0,-inf,0.0,-inf,0.0,-inf
2167,0.0,-inf,0.0,-inf,0.0,-inf,0.0,-inf
2168,0.0,-inf,0.0,-inf,0.0,-inf,0.0,-inf
2169,0.0,-inf,0.0,-inf,0.0,-inf,0.0,-inf
2170,0.0,-inf,0.0,-inf,0.0,-inf,0.0,-inf
2171,0.0,-inf,0.0,-inf,0.0,-inf,0.0,-inf
